valuation_date,payment_date,period,cash_flow,discount_factor,present_value
2020-01-01,2020-07-01,1,1.0625,1.0022356686468943,1.064875397937325
2020-01-01,2021-01-01,2,1.0625,1.0044713372937886,1.0672507958746504
2020-01-01,2021-07-01,3,1.0625,1.0061310417677216,1.0690142318782043
2020-01-01,2022-01-01,4,1.0625,1.0077907462416544,1.0707776678817578
2020-01-01,2022-07-01,5,1.0625,1.0089044089293946,1.0719609344874819
2020-01-01,2023-01-01,6,1.0625,1.0100180716171345,1.0731442010932055
2020-01-01,2023-07-01,7,1.0625,1.0105962469495655,1.0737585123839133
2020-01-01,2024-01-01,8,1.0625,1.0111744222819965,1.0743728236746213
2020-01-01,2024-07-01,9,1.0625,1.0112228552358005,1.074424283688038
2020-01-01,2025-01-01,10,1.0625,1.0112712881896044,1.0744757437014547
2020-01-01,2025-07-01,11,1.0625,1.010794530453309,1.073969188606641
2020-01-01,2026-01-01,12,101.0625,1.0103177727170136,102.10523990521318
2020-01-02,2020-07-02,1,1.0627125,1.002085818325814,1.0649291252075714
2020-01-02,2021-01-02,2,1.0627125,1.0041716366516278,1.067145750415143
2020-01-02,2021-07-02,3,1.0627125,1.0056805452619757,1.0687492864567174
2020-01-02,2022-01-02,4,1.0627125,1.0071894538723236,1.0703528224982917
2020-01-02,2022-07-02,5,1.0627125,1.008151864199787,1.0713755879834161
2020-01-02,2023-01-02,6,1.0627125,1.0091142745272506,1.0723983534685406
2020-01-02,2023-07-02,7,1.0627125,1.0095412171660891,1.0728520707476175
2020-01-02,2024-01-02,8,1.0627125,1.0099681598049277,1.0733057880266943
2020-01-02,2024-07-02,9,1.0627125,1.0098658501929196,1.073197062323143
2020-01-02,2025-01-02,10,1.0627125,1.0097635405809116,1.073088336619592
2020-01-02,2025-07-02,11,1.0627125,1.009136995870302,1.0724224997238183
2020-01-02,2026-01-02,12,101.0827125,1.0085104511596925,101.94297198782048
2020-01-03,2020-07-03,1,1.062925,1.002027583339871,1.0650801690215324
2020-01-03,2021-01-03,2,1.062925,1.004055166679742,1.0672353380430646
2020-01-03,2021-07-03,3,1.062925,1.005505497053986,1.068776930456108
2020-01-03,2022-01-03,4,1.062925,1.0069558274282302,1.0703185228691514
2020-01-03,2022-07-03,5,1.062925,1.0078595064661289,1.07127906591051
2020-01-03,2023-01-03,6,1.062925,1.0087631855040275,1.0722396089518684
2020-01-03,2023-07-03,7,1.062925,1.0091314288357336,1.072631023995222
2020-01-03,2024-01-03,8,1.062925,1.0094996721674399,1.0730224390385759
2020-01-03,2024-07-03,9,1.062925,1.0093388778991184,1.0728515267909202
2020-01-03,2025-01-03,10,1.062925,1.0091780836307969,1.0726806145432646
2020-01-03,2025-07-03,11,1.062925,1.0084934494915925,1.0719528998008507
2020-01-03,2026-01-03,12,101.102925,1.0078088153523879,101.89241907291132
2020-01-04,2020-07-04,1,1.0631374999999998,1.002114476099804,1.0653854788345551
2020-01-04,2021-01-04,2,1.0631374999999998,1.004228952199608,1.0676334576691104
2020-01-04,2021-07-04,3,1.0631374999999998,1.0057666924738604,1.0692682870199286
2020-01-04,2022-01-04,4,1.0631374999999998,1.007304432748113,1.070903116370747
2020-01-04,2022-07-04,5,1.0631374999999998,1.008295755060724,1.0719570282958704
2020-01-04,2023-01-04,6,1.0631374999999998,1.009287077373335,1.0730109402209937
2020-01-04,2023-07-04,7,1.0631374999999998,1.0097429212578182,1.0734955649487334
2020-01-04,2024-01-04,8,1.0631374999999998,1.0101987651423014,1.0739801896764734
2020-01-04,2024-07-04,9,1.0631374999999998,1.010125256109633,1.0739020394672547
2020-01-04,2025-01-04,10,1.0631374999999998,1.0100517470769645,1.0738238892580363
2020-01-04,2025-07-04,11,1.0631374999999998,1.00945381335114,1.0731882034915974
2020-01-04,2026-01-04,12,101.12313749999998,1.0088558796253155,102.01867183303422
2020-01-05,2020-07-05,1,1.0633499999999998,1.0022666456833769,1.0657602376874187
2020-01-05,2021-01-05,2,1.0633499999999998,1.0045332913667537,1.0681704753748373
2020-01-05,2021-07-05,3,1.0633499999999998,1.0062241795295566,1.0699684813027537
2020-01-05,2022-01-05,4,1.0633499999999998,1.0079150676923594,1.0717664872306703
2020-01-05,2022-07-05,5,1.0633499999999998,1.0090600196974164,1.0729839719452476
2020-01-05,2023-01-05,6,1.0633499999999998,1.0102049717024735,1.074201456659825
2020-01-05,2023-07-05,7,1.0633499999999998,1.0108144435484232,1.0748495385472157
2020-01-05,2024-01-05,8,1.0633499999999998,1.011423915394373,1.0754976204346063
2020-01-05,2024-07-05,9,1.0633499999999998,1.0115035547343698,1.0755823049267919
2020-01-05,2025-01-05,10,1.0633499999999998,1.0115831940743665,1.0756669894189774
2020-01-05,2025-07-05,11,1.0633499999999998,1.011137456237316,1.07519301408995
2020-01-05,2026-01-05,12,101.14334999999998,1.0106917184002655,102.22474621625948
2020-01-06,2020-07-06,1,1.0635625,1.0023441851207657,1.0660556873875044
2020-01-06,2021-01-06,2,1.0635625,1.0046883702415315,1.0685488747750087
2020-01-06,2021-07-06,3,1.0635625,1.0064573319278325,1.0704302760884954
2020-01-06,2022-01-06,4,1.0635625,1.0082262936141337,1.072311677401982
2020-01-06,2022-07-06,5,1.0635625,1.0094496004692368,1.0736127406990625
2020-01-06,2023-01-06,6,1.0635625,1.01067290732434,1.0749138039961432
2020-01-06,2023-07-06,7,1.0635625,1.011360768967506,1.075645387845003
2020-01-06,2024-01-06,8,1.0635625,1.012048630610672,1.0763769716938627
2020-01-06,2024-07-06,9,1.0635625,1.012206450985651,1.0765448235264263
2020-01-06,2025-01-06,10,1.0635625,1.01236427136063,1.07671267535899
2020-01-06,2025-07-06,11,1.0635625,1.0119962643956852,1.076321276951336
2020-01-06,2026-01-06,12,101.1635625,1.0116282574307403,102.33991844736077
2020-01-07,2020-07-07,1,1.0637750000000001,1.0022757695863351,1.0661959067917037
2020-01-07,2021-01-07,2,1.0637750000000001,1.00455153917267,1.068616813583407
2020-01-07,2021-07-07,3,1.0637750000000001,1.0062516128362398,1.070425309444871
2020-01-07,2022-01-07,4,1.0637750000000001,1.0079516864998097,1.0722338053063352
2020-01-07,2022-07-07,5,1.0637750000000001,1.0091058558530404,1.0734615818100681
2020-01-07,2023-01-07,6,1.0637750000000001,1.0102600252062712,1.0746893583138013
2020-01-07,2023-07-07,7,1.0637750000000001,1.010878717256091,1.0753475074490983
2020-01-07,2024-01-07,8,1.0637750000000001,1.0114974093059104,1.076005656584395
2020-01-07,2024-07-07,9,1.0637750000000001,1.0115862430357438,1.0761001556853484
2020-01-07,2025-01-07,10,1.0637750000000001,1.0116750767655776,1.0761946547863024
2020-01-07,2025-07-07,11,1.0637750000000001,1.0112384791139872,1.075730213119482
2020-01-07,2026-01-07,12,101.18377500000001,1.0108018814623971,102.27675014346788
2020-01-08,2020-07-08,1,1.0639875,1.0021243324515938,1.0662477631743403
2020-01-08,2021-01-08,2,1.0639875,1.0042486649031876,1.0685080263486804
2020-01-08,2021-07-08,3,1.0639875,1.0057963220940311,1.070154714254023
2020-01-08,2022-01-08,4,1.0639875,1.0073439792848746,1.0718014021593656
2020-01-08,2022-07-08,5,1.0639875,1.008345246901981,1.0728667383881214
2020-01-08,2023-01-08,6,1.0639875,1.009346514519087,1.0739320746168772
2020-01-08,2023-07-08,7,1.0639875,1.0098123007767938,1.0744276653727491
2020-01-08,2024-01-08,8,1.0639875,1.010278087034501,1.0749232561286213
2020-01-08,2024-07-08,9,1.0639875,1.0102144865098637,1.0748555859654136
2020-01-08,2025-01-08,10,1.0639875,1.0101508859852264,1.0747879158022062
2020-01-08,2025-07-08,11,1.0639875,1.0095627963070755,1.0741621957357745
2020-01-08,2026-01-08,12,101.2039875,1.0089747066289245,102.11226359748984
2020-01-09,2020-07-09,1,1.0642,1.0020291127362673,1.0663593817739356
2020-01-09,2021-01-09,2,1.0642,1.0040582254725348,1.0685187635478715
2020-01-09,2021-07-09,3,1.0642,1.0055100940845338,1.070063842124761
2020-01-09,2022-01-09,4,1.0642,1.006961962696533,1.0716089207016504
2020-01-09,2022-07-09,5,1.0642,1.0078671838175506,1.0725722570186373
2020-01-09,2023-01-09,6,1.0642,1.0087724049385682,1.0735355933356243
2020-01-09,2023-07-09,7,1.0642,1.009142189339404,1.0739291178949937
2020-01-09,2024-01-09,8,1.0642,1.0095119737402396,1.074322642454363
2020-01-09,2024-07-09,9,1.0642,1.0093527147309649,1.0741531590166928
2020-01-09,2025-01-09,10,1.0642,1.00919345572169,1.0739836755790224
2020-01-09,2025-07-09,11,1.0642,1.0085103462913518,1.0732567105232567
2020-01-09,2026-01-09,12,101.22420000000001,1.0078272368610135,102.0165057894666
2020-01-10,2020-07-10,1,1.0644125,1.0020776155622964,1.0666239399747028
2020-01-10,2021-01-10,2,1.0644125,1.0041552311245927,1.0688353799494055
2020-01-10,2021-07-10,3,1.0644125,1.0056558878026305,1.0704326976757175
2020-01-10,2022-01-10,4,1.0644125,1.0071565444806685,1.0720300154020295
2020-01-10,2022-07-10,5,1.0644125,1.0081106804928375,1.0730456097000824
2020-01-10,2023-01-10,6,1.0644125,1.0090648165050062,1.074061203998135
2020-01-10,2023-07-10,7,1.0644125,1.0094834885096724,1.0745068437133016
2020-01-10,2024-01-10,8,1.0644125,1.0099021605143386,1.0749524834284683
2020-01-10,2024-07-10,9,1.0644125,1.0097916096850375,1.0748348117438749
2020-01-10,2025-01-10,10,1.0644125,1.0096810588557361,1.0747171400592812
2020-01-10,2025-07-10,11,1.0644125,1.0090463277909263,1.0740415243797594
2020-01-10,2026-01-10,12,101.24441250000001,1.0084115967261165,102.0960396687226
2020-01-11,2020-07-11,1,1.064625,1.0022252720645097,1.0669940802716786
2020-01-11,2021-01-11,2,1.064625,1.0044505441290195,1.0693631605433573
2020-01-11,2021-07-11,3,1.064625,1.00609978352272,1.0711189820328757
2020-01-11,2022-01-11,4,1.064625,1.00774902291642,1.0728748035223936
2020-01-11,2022-07-11,5,1.064625,1.0088521859376933,1.0740492584539167
2020-01-11,2023-01-11,6,1.064625,1.0099553489589668,1.0752237133854399
2020-01-11,2023-07-11,7,1.064625,1.0105230230750015,1.0758280734412233
2020-01-11,2024-01-11,8,1.064625,1.011090697191036,1.0764324334970068
2020-01-11,2024-07-11,9,1.064625,1.011128660037327,1.0764728496922393
2020-01-11,2025-01-11,10,1.064625,1.011166622883618,1.0765132658874719
2020-01-11,2025-07-11,11,1.064625,1.0106794584786838,1.0759946184828686
2020-01-11,2026-01-11,12,101.26462500000001,1.0101922940737496,102.29674383726798
2020-01-12,2020-07-12,1,1.0648374999999999,1.0023363466689723,1.0673253295461216
2020-01-12,2021-01-12,2,1.0648374999999999,1.0046726933379448,1.0698131590922437
2020-01-12,2021-07-12,3,1.0648374999999999,1.0064337614903298,1.071688410500959
2020-01-12,2022-01-12,4,1.0648374999999999,1.0081948296427148,1.0735636619096742
2020-01-12,2022-07-12,5,1.0648374999999999,1.009410213425451,1.0748578481384237
2020-01-12,2023-01-12,6,1.0648374999999999,1.010625597208187,1.0761520343671727
2020-01-12,2023-07-12,7,1.0648374999999999,1.011305531146192,1.076876053521883
2020-01-12,2024-01-12,8,1.0648374999999999,1.0119854650841973,1.0776000726765937
2020-01-12,2024-07-12,9,1.0648374999999999,1.0121353777638085,1.0777597053195693
2020-01-12,2025-01-12,10,1.0648374999999999,1.0122852904434194,1.0779193379625445
2020-01-12,2025-07-12,11,1.0648374999999999,1.0119094202088514,1.0775190972416426
2020-01-12,2026-01-12,12,101.2848375,1.0115335499742837,102.45301123494345
2020-01-13,2020-07-13,1,1.06505,1.0023086775592844,1.067508857034516
2020-01-13,2021-01-13,2,1.06505,1.004617355118569,1.069967714069032
2020-01-13,2021-07-13,3,1.06505,1.0063505616884085,1.0718136657262396
2020-01-13,2022-01-13,4,1.06505,1.008083768258248,1.073659617383447
2020-01-13,2022-07-13,5,1.06505,1.0092711881668244,1.0749242789570763
2020-01-13,2023-01-13,6,1.06505,1.010458608075401,1.076188940530706
2020-01-13,2023-07-13,7,1.06505,1.0111105637642237,1.0768833059370866
2020-01-13,2024-01-13,8,1.06505,1.0117625194530462,1.0775776713434668
2020-01-13,2024-07-13,9,1.06505,1.011884526484132,1.077707614931925
2020-01-13,2025-01-13,10,1.06505,1.0120065335152177,1.0778375585203828
2020-01-13,2025-07-13,11,1.06505,1.0116029163963038,1.0774076861078834
2020-01-13,2026-01-13,12,101.30505,1.01119929927739,102.43959557326095
2020-01-14,2020-07-14,1,1.0652625,1.0021677180294764,1.067571688727375
2020-01-14,2021-01-14,2,1.0652625,1.0043354360589525,1.06988087745475
2020-01-14,2021-07-14,3,1.0652625,1.0059267500356333,1.0715760445598337
2020-01-14,2022-01-14,4,1.0652625,1.0075180640123138,1.0732712116649175
2020-01-14,2022-07-14,5,1.0652625,1.0085631180151404,1.0743844685046036
2020-01-14,2023-01-14,6,1.0652625,1.0096081720179668,1.0754977253442894
2020-01-14,2023-07-14,7,1.0652625,1.0101177363992764,1.0760405451710342
2020-01-14,2024-01-14,8,1.0652625,1.010627300780586,1.076583364997779
2020-01-14,2024-07-14,9,1.0652625,1.0106073339223656,1.076562095052474
2020-01-14,2025-01-14,10,1.0652625,1.0105873670641454,1.0765408251071693
2020-01-14,2025-07-14,11,1.0652625,1.0100426318628002,1.0759605391247462
2020-01-14,2026-01-14,12,101.3252625,1.009497896661455,102.28763937241979
2020-01-15,2020-07-15,1,1.065475,1.002043093935933,1.0676518655113882
2020-01-15,2021-01-15,2,1.065475,1.004086187871866,1.0698287310227765
2020-01-15,2021-07-15,3,1.065475,1.0055521189413068,1.0713906439289889
2020-01-15,2022-01-15,4,1.065475,1.0070180500107475,1.0729525568352012
2020-01-15,2022-07-15,5,1.065475,1.0079373691777183,1.0739320684246294
2020-01-15,2023-01-15,6,1.065475,1.0088566883446892,1.0749115800140576
2020-01-15,2023-07-15,7,1.065475,1.0092405619570854,1.0753205877512255
2020-01-15,2024-01-15,8,1.065475,1.009624435569482,1.0757295954883936
2020-01-15,2024-07-15,9,1.065475,1.009479213090065,1.0755748645671368
2020-01-15,2025-01-15,10,1.065475,1.0093339906106478,1.07542013364588
2020-01-15,2025-07-15,11,1.065475,1.0086648216903769,1.0747071508905541
2020-01-15,2026-01-15,12,101.345475,1.007995652770106,102.15579822792145
2020-01-16,2020-07-16,1,1.0656875,1.002049346088987,1.0678714625102073
2020-01-16,2021-01-16,2,1.0656875,1.004098692177974,1.0700554250204146
2020-01-16,2021-07-16,3,1.0656875,1.0055709119902647,1.071624351271625
2020-01-16,2022-01-16,4,1.0656875,1.0070431318025554,1.0731932775228357
2020-01-16,2022-07-16,5,1.0656875,1.0079687558810395,1.0741797035329752
2020-01-16,2023-01-16,6,1.0656875,1.0088943799595238,1.075166129543115
2020-01-16,2023-07-16,7,1.0656875,1.0092845547867029,1.0755819339792543
2020-01-16,2024-01-16,8,1.0656875,1.0096747296138817,1.0759977384153934
2020-01-16,2024-07-16,9,1.0656875,1.0095357850429376,1.0758496669229454
2020-01-16,2025-01-16,10,1.0656875,1.0093968404719935,1.0757015954304976
2020-01-16,2025-07-16,11,1.0656875,1.008733906770465,1.0749951152714499
2020-01-16,2026-01-16,12,101.36568749999998,1.0080709730689366,102.18380723392671
2020-01-17,2020-07-17,1,1.0659,1.002180729604593,1.0682244396855358
2020-01-17,2021-01-17,2,1.0659,1.004361459209186,1.0705488793710716
2020-01-17,2021-07-17,3,1.0659,1.0059658675636782,1.0722590182361247
2020-01-17,2022-01-17,4,1.0659,1.0075702759181704,1.0739691571011778
2020-01-17,2022-07-17,5,1.0659,1.0086284646414927,1.075097080461367
2020-01-17,2023-01-17,6,1.0659,1.0096866533648148,1.0762250038215562
2020-01-17,2023-07-17,7,1.0659,1.010209351463411,1.0767821477248498
2020-01-17,2024-01-17,8,1.0659,1.010732049562007,1.0773392916281432
2020-01-17,2024-07-17,9,1.0659,1.010725174562718,1.0773319635664012
2020-01-17,2025-01-17,10,1.0659,1.0107182995634287,1.0773246355046588
2020-01-17,2025-07-17,11,1.0659,1.0101865739371139,1.0767578691595698
2020-01-17,2026-01-17,12,101.3859,1.009654848310799,102.36476548535384
2020-01-18,2020-07-18,1,1.0661125,1.0023164863310992,1.068582135033664
2020-01-18,2021-01-18,2,1.0661125,1.0046329726621983,1.0710517700673279
2020-01-18,2021-07-18,3,1.0661125,1.0063740420137028,1.0729079458663338
2020-01-18,2022-01-18,4,1.0661125,1.0081151113652074,1.0747641216653396
2020-01-18,2022-07-18,5,1.0661125,1.0093104226121514,1.0760384579270974
2020-01-18,2023-01-18,6,1.0661125,1.0105057338590955,1.077312794188855
2020-01-18,2023-07-18,7,1.0661125,1.0111655846309446,1.078016269344858
2020-01-18,2024-01-18,8,1.0661125,1.0118254354027936,1.0787197445008607
2020-01-18,2024-07-18,9,1.0661125,1.011955316717006,1.078858212593459
2020-01-18,2025-01-18,10,1.0661125,1.0120851980312184,1.0789966806860574
2020-01-18,2025-07-18,11,1.0661125,1.0116894100820981,1.078574726206151
2020-01-18,2026-01-18,12,101.4061125,1.0112936221329776,102.55135481654922
2020-01-19,2020-07-19,1,1.066325,1.0023317695080785,1.0688114241207016
2020-01-19,2021-01-19,2,1.066325,1.004663539016157,1.0712978482414035
2020-01-19,2021-07-19,3,1.066325,1.0064199979566908,1.0731708043211683
2020-01-19,2022-01-19,4,1.066325,1.0081764568972247,1.075043760400933
2020-01-19,2022-07-19,5,1.066325,1.009387214333866,1.0763348213245596
2020-01-19,2023-01-19,6,1.066325,1.0105979717705076,1.0776258822481866
2020-01-19,2023-07-19,7,1.066325,1.0112732767716035,1.07834597685348
2020-01-19,2024-01-19,8,1.066325,1.0119485817726994,1.0790660714587736
2020-01-19,2024-07-19,9,1.066325,1.0120938773136887,1.079221003726519
2020-01-19,2025-01-19,10,1.066325,1.012239172854678,1.0793759359942645
2020-01-19,2025-07-19,11,1.066325,1.011858711535834,1.078970240578448
2020-01-19,2026-01-19,12,101.426325,1.0114782502169897,102.59052173693972
2020-01-20,2020-07-20,1,1.0665375,1.0022125197818483,1.068897235316833
2020-01-20,2021-01-20,2,1.0665375,1.0044250395636969,1.0712569706336663
2020-01-20,2021-07-20,3,1.0665375,1.0060614432460806,1.0730022565260666
2020-01-20,2022-01-20,4,1.0665375,1.0076978469284645,1.0747475424184671
2020-01-20,2022-07-20,5,1.0665375,1.0087881324090828,1.075910372769252
2020-01-20,2023-01-20,6,1.0665375,1.0098784178897013,1.0770732031200372
2020-01-20,2023-07-20,7,1.0665375,1.0104332131576585,1.0776649130781362
2020-01-20,2024-01-20,8,1.0665375,1.010988008425616,1.0782566230362354
2020-01-20,2024-07-20,9,1.0665375,1.0110131311716057,1.0782834173869364
2020-01-20,2025-01-20,10,1.0665375,1.0110382539175957,1.0783102117376377
2020-01-20,2025-07-20,11,1.0665375,1.0105383278083604,1.0777770217949092
2020-01-20,2026-01-20,12,101.44653749999999,1.0100384016991253,102.46489859441037
2020-01-21,2020-07-21,1,1.06675,1.0020684141719354,1.0689564808179122
2020-01-21,2021-01-21,2,1.06675,1.004136828343871,1.0711629616358245
2020-01-21,2021-07-21,3,1.06675,1.0056282287967249,1.0727539130689063
2020-01-21,2022-01-21,4,1.06675,1.007119629249579,1.0743448645019884
2020-01-21,2022-07-21,5,1.06675,1.0080644842503443,1.0753527885740548
2020-01-21,2023-01-21,6,1.06675,1.0090093392511095,1.0763607126461212
2020-01-21,2023-07-21,7,1.06675,1.0094187346951518,1.0767974352360532
2020-01-21,2024-01-21,8,1.06675,1.009828130139194,1.0772341578259854
2020-01-21,2024-07-21,9,1.06675,1.0097083360667223,1.077106367499176
2020-01-21,2025-01-21,10,1.06675,1.0095885419942503,1.0769785771723666
2020-01-21,2025-07-21,11,1.06675,1.0089446295436302,1.0762916835656675
2020-01-21,2026-01-21,12,101.46675,1.0083007170930103,102.30899678609721
2020-01-22,2020-07-22,1,1.0669625,1.0020319180123949,1.0691304803222998
2020-01-22,2021-01-22,2,1.0669625,1.0040638360247898,1.0712984606445999
2020-01-22,2021-07-22,3,1.0669625,1.005518526154359,1.0728505604619705
2020-01-22,2022-01-22,4,1.0669625,1.0069732162839282,1.0744026602793408
2020-01-22,2022-07-22,5,1.0669625,1.0078812660002494,1.0753715152747911
2020-01-22,2023-01-22,6,1.0669625,1.0087893157165706,1.0763403702702414
2020-01-22,2023-07-22,7,1.0669625,1.0091619268772112,1.0767379324057265
2020-01-22,2024-01-22,8,1.0669625,1.0095345380378515,1.0771354945412113
2020-01-22,2024-07-22,9,1.0669625,1.0093780951555331,1.0769685758523855
2020-01-22,2025-01-22,10,1.0669625,1.0092216522732147,1.07680165716356
2020-01-22,2025-07-22,11,1.0669625,1.0085413396421945,1.076075789097985
2020-01-22,2026-01-22,12,101.4869625,1.0078610270111745,102.28475425349455
2020-01-23,2020-07-23,1,1.067175,1.002136566892301,1.0694550907732914
2020-01-23,2021-01-23,2,1.067175,1.004273133784602,1.0717351815465828
2020-01-23,2021-07-23,3,1.067175,1.005833101133621,1.073399939702272
2020-01-23,2022-01-23,4,1.067175,1.0073930684826398,1.075064697857961
2020-01-23,2022-07-23,5,1.067175,1.0084066820382422,1.0761464009041612
2020-01-23,2023-01-23,6,1.067175,1.0094202955938445,1.077228103950361
2020-01-23,2023-07-23,7,1.067175,1.0098984246944442,1.0777383513732934
2020-01-23,2024-01-23,8,1.067175,1.010376553795044,1.078248598796226
2020-01-23,2024-07-23,9,1.067175,1.0103252546166006,1.0781938535954707
2020-01-23,2025-01-23,10,1.067175,1.010273955438157,1.0781391083947152
2020-01-23,2025-07-23,11,1.067175,1.0096980876255617,1.0775245566618088
2020-01-23,2026-01-23,12,101.507175,1.0091222198129663,102.43314576294324
2020-01-24,2020-07-24,1,1.0673875,1.0022861874669793,1.0698277479249103
2020-01-24,2021-01-24,2,1.0673875,1.0045723749339586,1.0722679958498207
2020-01-24,2021-07-24,3,1.0673875,1.006282937218652,1.0740938286504738
2020-01-24,2022-01-24,4,1.0673875,1.0079934995033453,1.0759196614511268
2020-01-24,2022-07-24,5,1.0673875,1.0091581942512855,1.077162842066394
2020-01-24,2023-01-24,6,1.0673875,1.010322888999226,1.0784060226816612
2020-01-24,2023-07-24,7,1.0673875,1.0109521101141468,1.0790776454344637
2020-01-24,2024-01-24,8,1.0673875,1.0115813312290676,1.0797492681872662
2020-01-24,2024-07-24,9,1.0673875,1.0116806649562984,1.0798552957660408
2020-01-24,2025-01-24,10,1.0673875,1.0117799986835292,1.0799613233448155
2020-01-24,2025-07-24,11,1.0673875,1.011353839540028,1.0795064464020316
2020-01-24,2026-01-24,12,101.52738749999999,1.010927680396527,102.63684634209434
2020-01-25,2020-07-25,1,1.0675999999999999,1.002343204499854,1.070101605124044
2020-01-25,2021-01-25,2,1.0675999999999999,1.0046864089997078,1.072603210248088
2020-01-25,2021-07-25,3,1.0675999999999999,1.0064543831606745,1.074490699462336
2020-01-25,2022-01-25,4,1.0675999999999999,1.0082223573216411,1.076378188676584
2020-01-25,2022-07-25,5,1.0675999999999999,1.0094446729425024,1.0776831328334155
2020-01-25,2023-01-25,6,1.0675999999999999,1.0106669885633637,1.078988076990247
2020-01-25,2023-07-25,7,1.0675999999999999,1.0113538583791635,1.0797213792055949
2020-01-25,2024-01-25,8,1.0675999999999999,1.0120407281949633,1.0804546814209426
2020-01-25,2024-07-25,9,1.0675999999999999,1.012197559232408,1.0806221142365187
2020-01-25,2025-01-25,10,1.0675999999999999,1.0123543902698524,1.0807895470520943
2020-01-25,2025-07-25,11,1.0675999999999999,1.0119853995118908,1.0803956125188945
2020-01-25,2026-01-25,12,101.54759999999999,1.0116164087539294,102.72721842958052
2020-01-26,2020-07-26,1,1.0678124999999998,1.0022551687301906,1.0702205973597065
2020-01-26,2021-01-26,2,1.0678124999999998,1.004510337460381,1.0726286947194128
2020-01-26,2021-07-26,3,1.0678124999999998,1.006189671658464,1.0744219087678033
2020-01-26,2022-01-26,4,1.0678124999999998,1.0078690058565467,1.0762151228161936
2020-01-26,2022-07-26,5,1.0678124999999998,1.0090023643115842,1.0774253371414633
2020-01-26,2023-01-26,6,1.0678124999999998,1.0101357227666214,1.0786355514667327
2020-01-26,2023-07-26,7,1.0678124999999998,1.0107335979461163,1.0792739700568372
2020-01-26,2024-01-26,8,1.0678124999999998,1.0113314731256111,1.0799123886469415
2020-01-26,2024-07-26,9,1.0678124999999998,1.011399548743604,1.0799850806427795
2020-01-26,2025-01-26,10,1.0678124999999998,1.011467624361597,1.0800577726386176
2020-01-26,2025-07-26,11,1.0678124999999998,1.0110103914535191,1.0795695336239608
2020-01-26,2026-01-26,12,101.56781249999999,1.0105531585454415,102.63967372842616
2020-01-27,2020-07-27,1,1.068025,1.0021030579702859,1.0702711184887146
2020-01-27,2021-01-27,2,1.068025,1.0042061159405715,1.072517236977429
2020-01-27,2021-07-27,3,1.068025,1.005732368409039,1.0741473127700638
2020-01-27,2022-01-27,4,1.068025,1.0072586208775063,1.0757773885626987
2020-01-27,2022-07-27,5,1.068025,1.0082384229863814,1.07682384171003
2020-01-27,2023-01-27,6,1.068025,1.0092182250952568,1.0778702948573617
2020-01-27,2023-07-27,7,1.068025,1.0096625526596452,1.0783448478043176
2020-01-27,2024-01-27,8,1.068025,1.0101068802240338,1.0788194007512737
2020-01-27,2024-07-27,9,1.068025,1.010021894587165,1.078728633966457
2020-01-27,2025-01-27,10,1.068025,1.0099369089502963,1.0786378671816401
2020-01-27,2025-07-27,11,1.068025,1.0093275737729928,1.0779870819789006
2020-01-27,2026-01-27,12,101.58802500000002,1.0087182385956892,102.47369364041485
2020-01-28,2020-07-28,1,1.0682375000000002,1.0020267184737555,1.0704025166756086
2020-01-28,2021-01-28,2,1.0682375000000002,1.0040534369475107,1.0725675333512166
2020-01-28,2021-07-28,3,1.0682375000000002,1.005502897460031,1.0741159014254602
2020-01-28,2022-01-28,4,1.0682375000000002,1.0069523579725512,1.0756642694997034
2020-01-28,2022-07-28,5,1.0682375000000002,1.0078551649783507,1.076628681798561
2020-01-28,2023-01-28,6,1.0682375000000002,1.0087579719841502,1.0775930940974188
2020-01-28,2023-07-28,7,1.0682375000000002,1.009125343861318,1.0779855345130547
2020-01-28,2024-01-28,8,1.0682375000000002,1.0094927157384856,1.0783779749286908
2020-01-28,2024-07-28,9,1.0682375000000002,1.0093310533053237,1.0782052810552458
2020-01-28,2025-01-28,10,1.0682375000000002,1.009169390872162,1.0780325871818013
2020-01-28,2025-07-28,11,1.0682375000000002,1.0084838945382613,1.077300314291816
2020-01-28,2026-01-28,12,101.6082375,1.0077983982043606,102.40061899686825
2020-01-29,2020-07-29,1,1.0684500000000001,1.0020963013553779,1.0706897931831536
2020-01-29,2021-01-29,2,1.0684500000000001,1.0041926027107555,1.0729295863663069
2020-01-29,2021-07-29,3,1.0684500000000001,1.005712057579084,1.0745530479203724
2020-01-29,2022-01-29,4,1.0684500000000001,1.0072315124474125,1.076176509474438
2020-01-29,2022-07-29,5,1.0684500000000001,1.0082044980315894,1.0772160959218517
2020-01-29,2023-01-29,6,1.0684500000000001,1.0091774836157665,1.078255682369266
2020-01-29,2023-07-29,7,1.0684500000000001,1.0096149972001969,1.0787231437585505
2020-01-29,2024-01-29,8,1.0684500000000001,1.0100525107846272,1.079190605147835
2020-01-29,2024-07-29,9,1.0684500000000001,1.0099607349144126,1.0790925472193043
2020-01-29,2025-01-29,10,1.0684500000000001,1.009868959044198,1.0789944892907735
2020-01-29,2025-07-29,11,1.0684500000000001,1.009252878346527,1.078336237869347
2020-01-29,2026-01-29,12,101.62845,1.0086367976488562,102.5061943580169
2020-01-30,2020-07-30,1,1.0686625,1.0022478652930347,1.0710647093437178
2020-01-30,2021-01-30,2,1.0686625,1.0044957305860691,1.073466918687435
2020-01-30,2021-07-30,3,1.0686625,1.0061677126141872,1.075253703181559
2020-01-30,2022-01-30,4,1.0686625,1.0078396946423054,1.0770404876756827
2020-01-30,2022-07-30,5,1.0686625,1.008965676012859,1.078243781742092
2020-01-30,2023-01-30,6,1.0686625,1.0100916573834122,1.0794470758085009
2020-01-30,2023-07-30,7,1.0686625,1.0106821537712176,1.080078117154534
2020-01-30,2024-01-30,8,1.0686625,1.0112726501590232,1.0807091585005673
2020-01-30,2024-07-30,9,1.0686625,1.0113333682240992,1.0807740456197865
2020-01-30,2025-01-30,10,1.0686625,1.0113940862891753,1.0808389327390058
2020-01-30,2025-07-30,11,1.0686625,1.0109295397857365,1.0803424893112747
2020-01-30,2026-01-30,12,101.6486625,1.0104649932822976,102.71241507021703
2020-01-31,2020-07-31,1,1.068875,1.0023420708244832,1.0713783809525195
2020-01-31,2021-01-31,2,1.068875,1.0046841416489667,1.0738817619050394
2020-01-31,2021-07-31,3,1.068875,1.0064509741572918,1.0757702850023754
2020-01-31,2022-01-31,4,1.068875,1.0082178066656171,1.0776588080997116
2020-01-31,2022-07-31,5,1.068875,1.0094389763508698,1.078964085847036
2020-01-31,2023-01-31,6,1.068875,1.0106601460361224,1.0802693635943603
2020-01-31,2023-07-31,7,1.068875,1.0113458692354422,1.0810023159790334
2020-01-31,2024-01-31,8,1.068875,1.0120315924347623,1.0817352683637065
2020-01-31,2024-07-31,9,1.068875,1.012187279738971,1.0819016786309927
2020-01-31,2025-01-31,10,1.068875,1.0123429670431798,1.0820680888982788
2020-01-31,2025-07-31,11,1.068875,1.0119728389666307,1.0816724682504575
2020-01-31,2026-01-31,12,101.668875,1.0116027108900816,102.84850956314484
2020-02-01,2020-08-01,1,1.0690875,1.0022922665279093,1.071538133491656
2020-02-01,2021-02-01,2,1.0690875,1.0045845330558183,1.0739887669833121
2020-02-01,2021-08-01,3,1.0690875,1.0063012158803952,1.075824051132532
2020-02-01,2022-02-01,4,1.0690875,1.0080178987049722,1.0776593352817518
2020-02-01,2022-08-01,5,1.0690875,1.009188735652713,1.0789110624271196
2020-02-01,2023-02-01,6,1.0690875,1.0103595726004535,1.0801627895724872
2020-02-01,2023-08-01,7,1.0690875,1.0109949382587646,1.080842051055717
2020-02-01,2024-02-01,8,1.0690875,1.0116303039170758,1.0815213125389467
2020-02-01,2024-08-01,9,1.0690875,1.0117357654267476,1.081634060120668
2020-02-01,2025-02-01,10,1.0690875,1.0118412269364196,1.0817468077023895
2020-02-01,2025-08-01,11,1.0690875,1.0114211598933118,1.081297719277441
2020-02-01,2026-02-01,12,101.6890875,1.0110010928502038,102.80777859343999
2020-02-02,2020-08-02,1,1.0693,1.0021442672264076,1.0715928649451976
2020-02-02,2021-02-02,2,1.0693,1.0042885344528154,1.0738857298903954
2020-02-02,2021-08-02,3,1.0693,1.0058562500990262,1.0755620882308887
2020-02-02,2022-02-02,4,1.0693,1.007423965745237,1.077238446571382
2020-02-02,2022-08-02,5,1.0693,1.0084453504265993,1.0783306132111625
2020-02-02,2023-02-02,6,1.0693,1.0094667351079616,1.0794227798509433
2020-02-02,2023-08-02,7,1.0693,1.0099526336943472,1.0799423512093653
2020-02-02,2024-02-02,8,1.0693,1.0104385322807328,1.0804619225677874
2020-02-02,2024-08-02,9,1.0693,1.010394976776497,1.0804153486671082
2020-02-02,2025-02-02,10,1.0693,1.0103514212722613,1.080368774766429
2020-02-02,2025-08-02,11,1.0693,1.0097832474113553,1.079761226456962
2020-02-02,2026-02-02,12,101.7093,1.0092150735504493,102.6465586802647
2020-02-03,2020-08-03,1,1.0695124999999999,1.0020341612892127,1.071688060925829
2020-02-03,2021-02-03,2,1.0695124999999999,1.0040683225784257,1.0738636218516584
2020-02-03,2021-08-03,3,1.0695124999999999,1.0055252689951253,1.0754218442561487
2020-02-03,2022-02-03,4,1.0695124999999999,1.006982215411825,1.0769800666606395
2020-02-03,2022-08-03,5,1.0695124999999999,1.007892527097828,1.0779536563877157
2020-02-03,2023-02-03,6,1.0695124999999999,1.0088028387838313,1.0789272461147923
2020-02-03,2023-08-03,7,1.0695124999999999,1.009177710469097,1.0793281760680802
2020-02-03,2024-02-03,8,1.0695124999999999,1.0095525821543627,1.0797291060213676
2020-02-03,2024-08-03,9,1.0695124999999999,1.0093983913165305,1.0795641969929208
2020-02-03,2025-02-03,10,1.0695124999999999,1.0092442004786983,1.0793992879644738
2020-02-03,2025-08-03,11,1.0695124999999999,1.0085661244588167,1.07867407718526
2020-02-03,2026-02-03,12,101.7295125,1.007888048438935,102.53195982226924
2020-02-04,2020-08-04,1,1.0697249999999998,1.0020631392357875,1.0719319916190027
2020-02-04,2021-02-04,2,1.0697249999999998,1.0041262784715752,1.0741389832380055
2020-02-04,2021-08-04,3,1.0697249999999998,1.00561237270534,1.0757286953922198
2020-02-04,2022-02-04,4,1.0697249999999998,1.007098466939105,1.077318407546434
2020-02-04,2022-08-04,5,1.0697249999999998,1.0080380016648425,1.0783234513309234
2020-02-04,2023-02-04,6,1.0697249999999998,1.00897753639058,1.079328495115413
2020-02-04,2023-08-04,7,1.0697249999999998,1.009381614264412,1.079760747318998
2020-02-04,2024-02-04,8,1.0697249999999998,1.009785692138244,1.080192999522583
2020-02-04,2024-08-04,9,1.0697249999999998,1.0096605997478827,1.0800591850653036
2020-02-04,2025-02-04,10,1.0697249999999998,1.0095355073575214,1.0799253706080243
2020-02-04,2025-08-04,11,1.0697249999999998,1.0088863322005681,1.0792309317132525
2020-02-04,2026-02-04,12,101.749725,1.0082371570436148,102.58785346396962
2020-02-05,2020-08-05,1,1.0699375,1.0022045739795513,1.0722962563722462
2020-02-05,2021-02-05,2,1.0699375,1.0044091479591029,1.0746550127444925
2020-02-05,2021-08-05,3,1.0699375,1.006037554184287,1.0763973056300504
2020-02-05,2022-02-05,4,1.0699375,1.007665960409471,1.0781395985156084
2020-02-05,2022-08-05,5,1.0699375,1.0087482227001843,1.0792975515252783
2020-02-05,2023-02-05,6,1.0699375,1.0098304849908977,1.0804555045349487
2020-02-05,2023-08-05,7,1.0699375,1.0103772565850306,1.081040515967446
2020-02-05,2024-02-05,8,1.0699375,1.0109240281791638,1.081625527399944
2020-02-05,2024-08-05,9,1.0699375,1.0109411517233324,1.081643848521983
2020-02-05,2025-02-05,10,1.0699375,1.0109582752675008,1.0816621696440216
2020-02-05,2025-08-05,11,1.0699375,1.0104503991287577,1.0811187739178252
2020-02-05,2026-02-05,12,101.76993749999998,1.0099425229900147,102.78178744328609
2020-02-06,2020-08-06,1,1.0701500000000002,1.0023284588724333,1.0726418002623346
2020-02-06,2021-02-06,2,1.0701500000000002,1.0046569177448668,1.0751336005246692
2020-02-06,2021-08-06,3,1.0701500000000002,1.0064100429196388,1.0770097074304517
2020-02-06,2022-02-06,4,1.0701500000000002,1.0081631680944108,1.0788858143362339
2020-02-06,2022-08-06,5,1.0701500000000002,1.0093705794247274,1.0801779255713722
2020-02-06,2023-02-06,6,1.0701500000000002,1.010577990755044,1.0814700368065107
2020-02-06,2023-08-06,7,1.0701500000000002,1.011249947828479,1.0821891316686472
2020-02-06,2024-02-06,8,1.0701500000000002,1.0119219049019144,1.082908226530784
2020-02-06,2024-08-06,9,1.0701500000000002,1.0120638611011832,1.0830601409574314
2020-02-06,2025-02-06,10,1.0701500000000002,1.0122058173004518,1.0832120553840787
2020-02-06,2025-08-06,11,1.0701500000000002,1.0118220355365506,1.0828013513294397
2020-02-06,2026-02-06,12,101.79015000000001,1.0114382537726492,102.95445156725604
2020-02-07,2020-08-07,1,1.0703625,1.0023208564691028,1.0728466577324103
2020-02-07,2021-02-07,2,1.0703625,1.0046417129382057,1.0753308154648202
2020-02-07,2021-08-07,3,1.0703625,1.0063871827603654,1.0771991009073418
2020-02-07,2022-02-07,4,1.0703625,1.0081326525825252,1.0790673863498632
2020-02-07,2022-08-07,5,1.0703625,1.0093323803888117,1.0803515300039195
2020-02-07,2023-02-07,6,1.0703625,1.010532108195098,1.0816356736579757
2020-02-07,2023-08-07,7,1.0703625,1.0111963777291253,1.082346682857091
2020-02-07,2024-02-07,8,1.0703625,1.0118606472631524,1.083057692056206
2020-02-07,2024-08-07,9,1.0703625,1.0119949358055575,1.0832014294761763
2020-02-07,2025-02-07,10,1.0703625,1.0121292243479627,1.0833451668961462
2020-02-07,2025-08-07,11,1.0703625,1.0117378184849182,1.0829262207380634
2020-02-07,2026-02-07,12,101.81036250000001,1.0113464126218739,102.96554488210757
2020-02-08,2020-08-08,1,1.070575,1.0021887604143878,1.0729182321806332
2020-02-08,2021-02-08,2,1.070575,1.0043775208287755,1.0752614643612664
2020-02-08,2021-08-08,3,1.070575,1.0059900114368854,1.0769877564940435
2020-02-08,2022-02-08,4,1.070575,1.0076025020449955,1.078714048626821
2020-02-08,2022-08-08,5,1.070575,1.0086687982613496,1.0798555986986444
2020-02-08,2023-02-08,6,1.070575,1.009735094477704,1.080997148770468
2020-02-08,2023-08-08,7,1.070575,1.0102658997898233,1.08156541566749
2020-02-08,2024-02-08,8,1.070575,1.0107967051019426,1.0821336825645123
2020-02-08,2024-08-08,9,1.070575,1.0107979118185235,1.0821349744451159
2020-02-08,2025-02-08,10,1.070575,1.0107991185351044,1.0821362663257195
2020-02-08,2025-08-08,11,1.070575,1.0102754241719274,1.0815756122328612
2020-02-08,2026-02-08,12,101.83057500000001,1.0097517298087504,102.8235992536697
2020-02-09,2020-08-09,1,1.0707875,1.0020536541028835,1.0729865271426913
2020-02-09,2021-02-09,2,1.0707875,1.0041073082057668,1.0751855542853825
2020-02-09,2021-08-09,3,1.0707875,1.0055838613348453,1.0767666289190858
2020-02-09,2022-02-09,4,1.0707875,1.0070604144639241,1.078347703552789
2020-02-09,2022-08-09,5,1.0707875,1.0079903830915125,1.079343502334603
2020-02-09,2023-02-09,6,1.0707875,1.0089203517191008,1.0803393011164166
2020-02-09,2023-08-09,7,1.0707875,1.0093148686394735,1.0807617449032902
2020-02-09,2024-02-09,8,1.0707875,1.0097093855598462,1.0811841886901639
2020-02-09,2024-08-09,9,1.0707875,1.0095747671136586,1.0810400409407166
2020-02-09,2025-02-09,10,1.0707875,1.009440148667471,1.0808958931912696
2020-02-09,2025-08-09,11,1.0707875,1.0087815117650072,1.0801906330290727
2020-02-09,2026-02-09,12,101.8507875,1.0081228748625437,102.67810870151402
2020-02-10,2020-08-10,1,1.071,1.002039720584457,1.0731845407459533
2020-02-10,2021-02-10,2,1.071,1.004079441168914,1.0753690814919068
2020-02-10,2021-08-10,3,1.071,1.0055419792097058,1.076935459733595
2020-02-10,2022-02-10,4,1.071,1.0070045172504978,1.078501837975283
2020-02-10,2022-08-10,5,1.071,1.0079204347302322,1.0794827855960787
2020-02-10,2023-02-10,6,1.071,1.0088363522099664,1.0804637332168738
2020-02-10,2023-08-10,7,1.071,1.0092168261948609,1.080871220854696
2020-02-10,2024-02-10,8,1.071,1.0095973001797556,1.0812787084925182
2020-02-10,2024-08-10,9,1.071,1.0094486907124633,1.0811195477530482
2020-02-10,2025-02-10,10,1.071,1.0093000812451711,1.0809603870135782
2020-02-10,2025-08-10,11,1.071,1.0086275484341196,1.0802401043729422
2020-02-10,2026-02-10,12,101.871,1.0079550156230683,102.68138539653759
2020-02-11,2020-08-11,1,1.0712125,1.0021597629050576,1.073526065020934
2020-02-11,2021-02-11,2,1.0712125,1.0043195258101152,1.075839630041868
2020-02-11,2021-08-11,3,1.0712125,1.0059028343709788,1.0775356899636221
2020-02-11,2022-02-11,4,1.0712125,1.0074861429318422,1.079231749885376
2020-02-11,2022-08-11,5,1.0712125,1.0085231671890829,1.0803426232325353
2020-02-11,2023-02-11,6,1.0712125,1.0095601914463233,1.0814534965796945
2020-02-11,2023-08-11,7,1.0712125,1.010061727030624,1.0819907477667923
2020-02-11,2024-02-11,8,1.0712125,1.0105632626149246,1.0825279989538898
2020-02-11,2024-08-11,9,1.0712125,1.0105352928844962,1.0824980374290332
2020-02-11,2025-02-11,10,1.0712125,1.0105073231540675,1.0824680759041765
2020-02-11,2025-08-11,11,1.0712125,1.0099546357168272,1.0818760302128116
2020-02-11,2026-02-11,12,101.8912125,1.0094019482795868,102.84918841006939
2020-02-12,2020-08-12,1,1.071425,1.002303453908528,1.0738929781039448
2020-02-12,2021-02-12,2,1.071425,1.0046069078170559,1.076360956207889
2020-02-12,2021-08-12,3,1.071425,1.0063348547424324,1.0782123217424107
2020-02-12,2022-02-12,4,1.071425,1.008062801667809,1.0800636872769325
2020-02-12,2022-08-12,5,1.071425,1.0092449429659733,1.081330263017318
2020-02-12,2023-02-12,6,1.071425,1.0104270842641376,1.0825968387577036
2020-02-12,2023-08-12,7,1.071425,1.0110737589746237,1.0832897022093864
2020-02-12,2024-02-12,8,1.071425,1.0117204336851098,1.0839825656610689
2020-02-12,2024-08-12,9,1.071425,1.0118371737881748,1.0841076439259953
2020-02-12,2025-02-12,10,1.071425,1.0119539138912401,1.084232722190922
2020-02-12,2025-08-12,11,1.071425,1.0115450601574096,1.0837946660791526
2020-02-12,2026-02-12,12,101.91142500000001,1.0111362064235792,103.04633166572111
2020-02-13,2020-08-13,1,1.0716375,1.002338659491708,1.0741436952110452
2020-02-13,2021-02-13,2,1.0716375,1.0046773189834162,1.0766498904220907
2020-02-13,2021-08-13,3,1.0716375,1.0064407161856024,1.0785396129913485
2020-02-13,2022-02-13,4,1.0716375,1.0082041133877888,1.0804293355606065
2020-02-13,2022-08-13,5,1.0716375,1.009421834910261,1.081734291608645
2020-02-13,2023-02-13,6,1.0716375,1.010639556432733,1.083039247656683
2020-02-13,2023-08-13,7,1.0716375,1.0113218294516941,1.08377039700904
2020-02-13,2024-02-13,8,1.0716375,1.0120041024706554,1.084501546361397
2020-02-13,2024-08-13,9,1.0716375,1.0121563483015095,1.084664698702959
2020-02-13,2025-02-13,10,1.0716375,1.0123085941323635,1.0848278510445206
2020-02-13,2025-08-13,11,1.0716375,1.0119350439154222,1.0844275406239132
2020-02-13,2026-02-13,12,101.9316375,1.0115614936984807,103.11011948463207
2020-02-14,2020-08-14,1,1.07185,1.0022329936229621,1.074243434214772
2020-02-14,2021-02-14,2,1.07185,1.0044659872459243,1.076636868429544
2020-02-14,2021-08-14,3,1.07185,1.006122999030276,1.0784129365106012
2020-02-14,2022-02-14,4,1.07185,1.0077800108146278,1.0801890045916587
2020-02-14,2022-08-14,5,1.07185,1.0088909718722692,1.0813797882012917
2020-02-14,2023-02-14,6,1.07185,1.0100019329299106,1.0825705718109246
2020-02-14,2023-08-14,7,1.07185,1.0105774061919037,1.0831873928267919
2020-02-14,2024-02-14,8,1.07185,1.011152879453897,1.0838042138426596
2020-02-14,2024-08-14,9,1.07185,1.0111986183002333,1.083853239025105
2020-02-14,2025-02-14,10,1.07185,1.0112443571465695,1.0839022642075504
2020-02-14,2025-08-14,11,1.07185,1.0107649215847352,1.0833883812005984
2020-02-14,2026-02-14,12,101.95185,1.0102854860229007,103.00047432818386
2020-02-15,2020-08-15,1,1.0720625,1.0020836454067132,1.0742962981038344
2020-02-15,2021-02-15,2,1.0720625,1.0041672908134263,1.0765300962076687
2020-02-15,2021-08-15,3,1.0720625,1.005674013453644,1.0781453970481472
2020-02-15,2022-02-15,4,1.0720625,1.0071807360938614,1.0797606978886252
2020-02-15,2022-08-15,5,1.0720625,1.0081409544955988,1.0807901120289378
2020-02-15,2023-02-15,6,1.0720625,1.0091011728973363,1.0818195261692505
2020-02-15,2023-08-15,7,1.0720625,1.009525924559275,1.0822748864978275
2020-02-15,2024-02-15,8,1.0720625,1.0099506762212136,1.0827302468264046
2020-02-15,2024-08-15,9,1.0720625,1.0098461833987369,1.0826182239899083
2020-02-15,2025-02-15,10,1.0720625,1.0097416905762602,1.082506201153412
2020-02-15,2025-08-15,11,1.0720625,1.0091129771626801,1.0818321810794658
2020-02-15,2026-02-15,12,101.97206249999999,1.0084842637491,102.83722037328971
2020-02-16,2020-08-16,1,1.072275,1.002027909463581,1.0744494766200612
2020-02-16,2021-02-16,2,1.072275,1.0040558189271618,1.0766239532401225
2020-02-16,2021-08-16,3,1.072275,1.0055064773096356,1.0781794579571895
2020-02-16,2022-02-16,4,1.072275,1.0069571356921094,1.0797349626742567
2020-02-16,2022-08-16,5,1.072275,1.007861143557423,1.0807043077080358
2020-02-16,2023-02-16,6,1.072275,1.0087651514227367,1.0816736527418152
2020-02-16,2023-08-16,7,1.072275,1.0091337233648505,1.0820688632210451
2020-02-16,2024-02-16,8,1.072275,1.0095022953069641,1.082464073700275
2020-02-16,2024-08-16,9,1.072275,1.0093418284093447,1.0822920090576302
2020-02-16,2025-02-16,10,1.072275,1.0091813615117253,1.0821199444149854
2020-02-16,2025-08-16,11,1.072275,1.0084970524927641,1.0813861769616788
2020-02-16,2026-02-16,12,101.99227500000002,1.007812743473803,102.78911448088458
2020-02-17,2020-08-17,1,1.0724875,1.00211700162565,1.0747579577809894
2020-02-17,2021-02-17,2,1.0724875,1.0042340032513,1.0770284155619787
2020-02-17,2021-08-17,3,1.0724875,1.0057742845331339,1.0786803479832294
2020-02-17,2022-02-17,4,1.0724875,1.0073145658149678,1.0803322804044804
2020-02-17,2022-08-17,5,1.0724875,1.0083084363718826,1.0813981941533894
2020-02-17,2023-02-17,6,1.0724875,1.0093023069287974,1.0824641079022987
2020-02-17,2023-08-17,7,1.0724875,1.0097606982693073,1.0829557268851038
2020-02-17,2024-02-17,8,1.0724875,1.010219089609817,1.0834473458679088
2020-02-17,2024-08-17,9,1.0724875,1.0101481193188437,1.0833712311179684
2020-02-17,2025-02-17,10,1.0724875,1.0100771490278706,1.0832951163680284
2020-02-17,2025-08-17,11,1.0724875,1.0094817374903857,1.08265654493672
2020-02-17,2026-02-17,12,102.0124875,1.0088863259529008,102.91900371519122
2020-02-18,2020-08-18,1,1.0727,1.00226904932531,1.07513400921126
2020-02-18,2021-02-18,2,1.0727,1.0045380986506198,1.0775680184225198
2020-02-18,2021-08-18,3,1.0727,1.00623140665069,1.0793844299141953
2020-02-18,2022-02-18,4,1.0727,1.0079247146507606,1.081200841405871
2020-02-18,2022-08-18,5,1.0727,1.0090720948506195,1.0824316361462596
2020-02-18,2023-02-18,6,1.0727,1.0102194750504787,1.0836624308866485
2020-02-18,2023-08-18,7,1.0727,1.0108313758110434,1.0843188168325062
2020-02-18,2024-02-18,8,1.0727,1.0114432765716082,1.0849752027783641
2020-02-18,2024-08-18,9,1.0727,1.011525337993338,1.0850632300654537
2020-02-18,2025-02-18,10,1.0727,1.0116073994150678,1.0851512573525433
2020-02-18,2025-08-18,11,1.0727,1.011164069347976,1.084675697189574
2020-02-18,2026-02-18,12,102.0327,1.0107207392808841,103.12656597482467
2020-02-19,2020-08-19,1,1.0729125,1.002344256227217,1.0754276818093838
2020-02-19,2021-02-19,2,1.0729125,1.0046885124544338,1.0779428636187676
2020-02-19,2021-08-19,3,1.0729125,1.0064575457479865,1.0798408815523366
2020-02-19,2022-02-19,4,1.0729125,1.0082265790415395,1.0817388994859056
2020-02-19,2022-08-19,5,1.0729125,1.0094499577729836,1.0830514778191063
2020-02-19,2023-02-19,6,1.0729125,1.010673336504428,1.0843640561523071
2020-02-19,2023-08-19,7,1.0729125,1.0113612700670944,1.0851021486708614
2020-02-19,2024-02-19,8,1.0729125,1.0120492036297608,1.0858402411894157
2020-02-19,2024-08-19,9,1.0729125,1.012207095743848,1.0860096456122712
2020-02-19,2025-02-19,10,1.0729125,1.0123649878579355,1.0861790500351272
2020-02-19,2025-08-19,11,1.0729125,1.0119970522302046,1.0857842873009393
2020-02-19,2026-02-19,12,102.0529125,1.011629116602474,103.23969771908459
2020-02-20,2020-08-20,1,1.073125,1.0022734427393687,1.0755646882396852
2020-02-20,2021-02-20,2,1.073125,1.0045468854787374,1.07800437647937
2020-02-20,2021-08-20,3,1.073125,1.0062446165546057,1.0798262541401613
2020-02-20,2022-02-20,4,1.073125,1.0079423476304739,1.0816481318009523
2020-02-20,2022-08-20,5,1.073125,1.0090941662422248,1.0828841771486877
2020-02-20,2023-02-20,6,1.073125,1.0102459848539758,1.0841202224964228
2020-02-20,2023-08-20,7,1.073125,1.0108623254022082,1.0847816329472448
2020-02-20,2024-02-20,8,1.073125,1.0114786659504404,1.0854430433980664
2020-02-20,2024-08-20,9,1.073125,1.0115651547303344,1.0855358566699902
2020-02-20,2025-02-20,10,1.073125,1.0116516435102285,1.085628669941914
2020-02-20,2025-08-20,11,1.073125,1.0112127147010455,1.0851576444635596
2020-02-20,2026-02-20,12,102.073125,1.0107737858918626,103.17283899406334
2020-02-21,2020-08-21,1,1.0733375,1.0021217477336322,1.0756148514080475
2020-02-21,2021-02-21,2,1.0733375,1.0042434954672645,1.077892202816095
2020-02-21,2021-08-21,3,1.0733375,1.0057885520201586,1.079550569953937
2020-02-21,2022-02-21,4,1.0733375,1.0073336085730527,1.081208937091779
2020-02-21,2022-08-21,5,1.0733375,1.0083322680700295,1.0822808357796154
2020-02-21,2023-02-21,6,1.0733375,1.0093309275670064,1.0833527344674518
2020-02-21,2023-08-21,7,1.0733375,1.0097941064355243,1.0838498817162396
2020-02-21,2024-02-21,8,1.0733375,1.0102572853040421,1.0843470289650274
2020-02-21,2024-08-21,9,1.0733375,1.010191086233482,1.08427597502013
2020-02-21,2025-02-21,10,1.0733375,1.0101248871629216,1.0842049210752325
2020-02-21,2025-08-21,11,1.0733375,1.0095342158058367,1.0835709313574973
2020-02-21,2026-02-21,12,102.09333749999999,1.008943544448752,103.00641380185267
2020-02-22,2020-08-22,1,1.07355,1.0020286459104946,1.0757278528172114
2020-02-22,2021-02-22,2,1.07355,1.0040572918209891,1.0779057056344228
2020-02-22,2021-08-22,3,1.07355,1.0055086909075297,1.0794638551237785
2020-02-22,2022-02-22,4,1.07355,1.0069600899940703,1.0810220046131342
2020-02-22,2022-08-22,5,1.07355,1.0078648404148924,1.0819932994274077
2020-02-22,2023-02-22,6,1.07355,1.0087695908357144,1.0829645942416812
2020-02-22,2023-08-22,7,1.07355,1.0091389048448645,1.0833610712962043
2020-02-22,2024-02-22,8,1.07355,1.0095082188540145,1.0837575483507274
2020-02-22,2024-08-22,9,1.07355,1.0093484912255084,1.0835860727551445
2020-02-22,2025-02-22,10,1.07355,1.0091887635970025,1.0834145971595621
2020-02-22,2025-08-22,11,1.07355,1.0085051887667458,1.0826807454005398
2020-02-22,2026-02-22,12,102.11354999999999,1.007821613936489,102.91224276578436
2020-02-23,2020-08-23,1,1.0737625,1.0020796955476854,1.0759955990905214
2020-02-23,2021-02-23,2,1.0737625,1.0041593910953706,1.0782286981810427
2020-02-23,2021-08-23,3,1.0737625,1.005662140201151,1.0798422938177383
2020-02-23,2022-02-23,4,1.0737625,1.0071648893069314,1.081455889454434
2020-02-23,2022-08-23,5,1.0737625,1.008121123396939,1.0824826577615057
2020-02-23,2023-02-23,6,1.0737625,1.0090773574869465,1.0835094260685774
2020-02-23,2023-08-23,7,1.0737625,1.0094981266104557,1.0839612321745593
2020-02-23,2024-02-23,8,1.0737625,1.0099188957339649,1.0844130382805415
2020-02-23,2024-08-23,9,1.0737625,1.0098104345388377,1.0842965767165087
2020-02-23,2025-02-23,10,1.0737625,1.0097019733437105,1.084180115152476
2020-02-23,2025-08-23,11,1.0737625,1.0090693179763097,1.0835007935435372
2020-02-23,2026-02-23,12,102.13376249999999,1.008436662608909,102.99543059519092
2020-02-24,2020-08-24,1,1.073975,1.0022279873784017,1.0763678027447188
2020-02-24,2021-02-24,2,1.073975,1.0044559747568036,1.078760605489438
2020-02-24,2021-08-24,3,1.073975,1.006107947312567,1.080534782715014
2020-02-24,2022-02-24,4,1.073975,1.0077599198683302,1.08230895994059
2020-02-24,2022-08-24,5,1.073975,1.008865825042741,1.0834966744502776
2020-02-24,2023-02-24,6,1.073975,1.0099717302171516,1.0846843889599653
2020-02-24,2023-08-24,7,1.073975,1.0105421468491746,1.0852970021623423
2020-02-24,2024-02-24,8,1.073975,1.011112563481198,1.0859096153647194
2020-02-24,2024-08-24,9,1.073975,1.0111532606769578,1.0859533231355356
2020-02-24,2025-02-24,10,1.073975,1.0111939578727176,1.0859970309063518
2020-02-24,2025-08-24,11,1.073975,1.0107095112074984,1.085476747299073
2020-02-24,2026-02-24,12,102.153975,1.0102250645422792,103.19850598762538
2020-02-25,2020-08-25,1,1.0741874999999999,1.002337200438478,1.0766980914960076
2020-02-25,2021-02-25,2,1.0741874999999999,1.004674400876956,1.079208682992015
2020-02-25,2021-08-25,3,1.0741874999999999,1.0064363287865161,1.0811013239283656
2020-02-25,2022-02-25,4,1.0741874999999999,1.008198256696076,1.082993964864716
2020-02-25,2022-08-25,5,1.0741874999999999,1.0094145034413364,1.0843004419153903
2020-02-25,2023-02-25,6,1.0741874999999999,1.0106307501865968,1.0856069189660646
2020-02-25,2023-08-25,7,1.0741874999999999,1.0113115475797234,1.086338223015794
2020-02-25,2024-02-25,8,1.0741874999999999,1.0119923449728503,1.0870695270655235
2020-02-25,2024-08-25,9,1.0741874999999999,1.0121431189161574,1.0872314865507497
2020-02-25,2025-02-25,10,1.0741874999999999,1.0122938928594643,1.0873934460359755
2020-02-25,2025-08-25,11,1.0741874999999999,1.0119188790379026,1.0869906108765268
2020-02-25,2026-02-25,12,102.17418749999999,1.0115438652163409,103.35367254908913
2020-02-26,2020-08-26,1,1.0744,1.0023068843406615,1.0768785165356067
2020-02-26,2021-02-26,2,1.0744,1.0046137686813232,1.0793570330712137
2020-02-26,2021-08-26,3,1.0744,1.0063451696640298,1.0812172502870336
2020-02-26,2022-02-26,4,1.0744,1.0080765706467363,1.0830774675028534
2020-02-26,2022-08-26,5,1.0744,1.0092621784450144,1.0843512845213235
2020-02-26,2023-02-26,6,1.0744,1.0104477862432926,1.0856251015397935
2020-02-26,2023-08-26,7,1.0744,1.0110979289965523,1.0863236149138957
2020-02-26,2024-02-26,8,1.0744,1.011748071749812,1.087022128287998
2020-02-26,2024-08-26,9,1.0744,1.0118682706563296,1.0871512699931605
2020-02-26,2025-02-26,10,1.0744,1.0119884695628474,1.0872804116983232
2020-02-26,2025-08-26,11,1.0744,1.0115830547133315,1.0868448339840033
2020-02-26,2026-02-26,12,102.1944,1.011177639863816,103.33669219929875
2020-02-27,2020-08-27,1,1.0746125000000002,1.0021649273350601,1.0769389579758475
2020-02-27,2021-02-27,2,1.0746125000000002,1.0043298546701203,1.0792654159516948
2020-02-27,2021-08-27,3,1.0746125000000002,1.0059183602811386,1.0809724439376152
2020-02-27,2022-02-27,4,1.0746125000000002,1.007506865892157,1.082679471923536
2020-02-27,2022-08-27,5,1.0746125000000002,1.0085491029653562,1.083799472910359
2020-02-27,2023-02-27,6,1.0746125000000002,1.0095913400385554,1.0849194738971824
2020-02-27,2023-08-27,7,1.0746125000000002,1.010098087794038,1.085464031369571
2020-02-27,2024-02-27,8,1.0746125000000002,1.0106048355495205,1.0860085888419593
2020-02-27,2024-08-27,9,1.0746125000000002,1.0105820611312337,1.0859841151673881
2020-02-27,2025-02-27,10,1.0746125000000002,1.0105592867129471,1.0859596414928172
2020-02-27,2025-08-27,11,1.0746125000000002,1.0100117616865718,1.0853712642554114
2020-02-27,2026-02-27,12,102.21461250000002,1.0094642366601965,103.18199578283028
2020-02-28,2020-08-28,1,1.0748250000000001,1.002041871313887,1.0770196543349488
2020-02-28,2021-02-28,2,1.0748250000000001,1.0040837426277738,1.079214308669897
2020-02-28,2021-08-28,3,1.0748250000000001,1.0055484439382112,1.080788606255888
2020-02-28,2022-02-28,4,1.0748250000000001,1.0070131452486484,1.0823629038418787
2020-02-28,2022-08-28,5,1.0748250000000001,1.0079312315131554,1.0833496859111273
2020-02-28,2023-02-28,6,1.0748250000000001,1.0088493177776623,1.084336467980376
2020-02-28,2023-08-28,7,1.0748250000000001,1.0092319592288388,1.0847477405781367
2020-02-28,2024-02-28,8,1.0748250000000001,1.009614600680015,1.0851590131758972
2020-02-28,2024-08-28,9,1.0748250000000001,1.009468150615187,1.0850016049849684
2020-02-28,2025-02-28,10,1.0748250000000001,1.0093217005503592,1.0848441967940399
2020-02-28,2025-08-28,11,1.0748250000000001,1.0086513124107133,1.084123646861845
2020-02-28,2026-02-28,12,102.23482500000001,1.0079809242710673,103.05075339619084
2020-02-29,2020-08-29,1,1.0750375,1.0020508149463931,1.0772422029729332
2020-02-29,2021-02-28,2,1.0750375,1.0041016298927863,1.0794469059458662
2020-02-29,2021-08-29,3,1.0750375,1.0055753271814085,1.0810311857947836
2020-02-29,2022-02-28,4,1.0750375,1.0070490244700308,1.0826154656437008
2020-02-29,2022-08-29,5,1.0750375,1.007976129846232,1.0836121386895687
2020-02-29,2023-02-28,6,1.0750375,1.0089032352224332,1.0846088117354367
2020-02-29,2023-08-29,7,1.0750375,1.009294890501594,1.0850298558476075
2020-02-29,2024-02-29,8,1.0750375,1.0096865457807547,1.085450899959778
2020-02-29,2024-08-29,9,1.0750375,1.0095490762088946,1.0853031150149195
2020-02-29,2025-02-28,10,1.0750375,1.0094116066370344,1.085155330070061
2020-02-29,2025-08-29,11,1.0750375,1.0087501379275223,1.084444226402259
2020-02-29,2026-02-28,12,102.2550375,1.0080886692180104,103.08214467421276
2020-03-01,2020-09-01,1,1.07525,1.0021835402383168,1.07759785164125
2020-03-01,2021-03-01,2,1.07525,1.0043670804766338,1.0799457032825006
2020-03-01,2021-09-01,3,1.07525,1.005974317439919,1.081673884827273
2020-03-01,2022-03-01,4,1.07525,1.0075815544032043,1.0834020663720454
2020-03-01,2022-09-01,5,1.07525,1.0086425805391488,1.0845429347247197
2020-03-01,2023-03-01,6,1.07525,1.0097036066750933,1.085683803077394
2020-03-01,2023-09-01,7,1.07525,1.010229142058995,1.0862488849989345
2020-03-01,2024-03-01,8,1.07525,1.010754677442897,1.086813966920475
2020-03-01,2024-09-01,9,1.07525,1.0107506307759018,1.0868096157417884
2020-03-01,2025-03-01,10,1.07525,1.0107465841089065,1.0868052645631017
2020-03-01,2025-09-01,11,1.07525,1.0102176691284273,1.0862365487303414
2020-03-01,2026-03-01,12,102.27525,1.0096887541479482,103.26616975266994
2020-03-02,2020-09-02,1,1.0754625,1.0023180546930304,1.0779554808953031
2020-03-02,2021-03-02,2,1.0754625,1.004636109386061,1.0804484617906065
2020-03-02,2021-09-02,3,1.0754625,1.0063787579765477,1.0823226150003529
2020-03-02,2022-03-02,4,1.0754625,1.0081214065670345,1.0841967682100992
2020-03-02,2022-09-02,5,1.0754625,1.0093183028180532,1.0854839852444607
2020-03-02,2023-03-02,6,1.0754625,1.0105151990690722,1.086771202278822
2020-03-02,2023-09-02,7,1.0754625,1.0111766356267058,1.087482552492686
2020-03-02,2024-03-02,8,1.0754625,1.0118380721843392,1.08819390270655
2020-03-02,2024-09-02,9,1.0754625,1.0119695351362026,1.0883352861814182
2020-03-02,2025-03-02,10,1.0754625,1.0121009980880658,1.0884766696562864
2020-03-02,2025-09-02,11,1.0754625,1.011706782744858,1.0880527058377418
2020-03-02,2026-03-02,12,102.2954625,1.0113125674016503,103.45268681441424
2020-03-03,2020-09-03,1,1.075675,1.0023306528661688,1.0781820250218161
2020-03-03,2021-03-03,2,1.075675,1.004661305732338,1.0806890500436326
2020-03-03,2021-09-03,3,1.075675,1.0064166402245278,1.0825772194735188
2020-03-03,2022-03-03,4,1.075675,1.0081719747167175,1.084465388903405
2020-03-03,2022-09-03,5,1.075675,1.0093816035377459,1.0857665563854648
2020-03-03,2023-03-03,6,1.075675,1.0105912323587745,1.0870677238675246
2020-03-03,2023-09-03,7,1.075675,1.011265408125007,1.0877929178848669
2020-03-03,2024-03-03,8,1.075675,1.0119395838912395,1.088518111902209
2020-03-03,2024-09-03,9,1.075675,1.0120837530884041,1.0886731911033691
2020-03-03,2025-03-03,10,1.075675,1.012227922285569,1.0888282703045293
2020-03-03,2025-09-03,11,1.075675,1.0118463409916925,1.0884178128462387
2020-03-03,2026-03-03,12,102.315675,1.011464759697816,103.48869962719483
2020-03-04,2020-09-04,1,1.0758874999999999,1.00220974539135,1.0782649374447362
2020-03-04,2021-03-04,2,1.0758874999999999,1.0044194907827002,1.0806423748894722
2020-03-04,2021-09-04,3,1.0758874999999999,1.0060531020098762,1.0823999567886506
2020-03-04,2022-03-04,4,1.0758874999999999,1.007686713237052,1.0841575386878286
2020-03-04,2022-09-04,5,1.0758874999999999,1.0087741972486732,1.0853275491423817
2020-03-04,2023-03-04,6,1.0758874999999999,1.0098616812602943,1.0864975595969348
2020-03-04,2023-09-04,7,1.0758874999999999,1.0104136748614372,1.0870914426124845
2020-03-04,2024-03-04,8,1.0758874999999999,1.0109656684625803,1.0876853256280343
2020-03-04,2024-09-04,9,1.0758874999999999,1.0109879980578325,1.0877093497604462
2020-03-04,2025-03-04,10,1.0758874999999999,1.0110103276530849,1.0877333738928583
2020-03-04,2025-09-04,11,1.0758874999999999,1.0105076255340093,1.0871925229667214
2020-03-04,2026-03-04,12,102.33588749999998,1.0100049234149338,103.35975021703676
2020-03-05,2020-09-05,1,1.0760999999999998,1.0020665330660024,1.0783237962323249
2020-03-05,2021-03-05,2,1.0760999999999998,1.0041330661320047,1.0805475924646502
2020-03-05,2021-09-05,3,1.0760999999999998,1.0056225743102978,1.0821504522153114
2020-03-05,2022-03-05,4,1.0760999999999998,1.0071120824885906,1.0837533119659721
2020-03-05,2022-09-05,5,1.0760999999999998,1.0080550401894521,1.0847680287478694
2020-03-05,2023-03-05,6,1.0760999999999998,1.0089979978903136,1.0857827455297664
2020-03-05,2023-09-05,7,1.0760999999999998,1.0094054969862074,1.0862212553068575
2020-03-05,2024-03-05,8,1.0760999999999998,1.0098129960821012,1.086659765083949
2020-03-05,2024-09-05,9,1.0760999999999998,1.0096913125143652,1.0865288213967081
2020-03-05,2025-03-05,10,1.0760999999999998,1.0095696289466294,1.0863978777094676
2020-03-05,2025-09-05,11,1.0760999999999998,1.0089238396876987,1.0857029438879324
2020-03-05,2026-03-05,12,102.35609999999998,1.0082780504287678,103.20340895749199
2020-03-06,2020-09-06,1,1.0763124999999998,1.002032658825604,1.0785002761022329
2020-03-06,2021-03-06,2,1.0763124999999998,1.004065317651208,1.0806880522044655
2020-03-06,2021-09-06,3,1.0763124999999998,1.0055207528882506,1.082254555343035
2020-03-06,2022-03-06,4,1.0763124999999998,1.0069761881252934,1.0838210584816046
2020-03-06,2022-09-06,5,1.0763124999999998,1.0078849848234417,1.0847992077277804
2020-03-06,2023-03-06,6,1.0763124999999998,1.00879378152159,1.085777356973956
2020-03-06,2023-09-06,7,1.0763124999999998,1.0091671391846129,1.0861792064936384
2020-03-06,2024-03-06,8,1.0763124999999998,1.0095404968476356,1.0865810560133204
2020-03-06,2024-09-06,9,1.0763124999999998,1.0093847976650259,1.086413475036838
2020-03-06,2025-03-06,10,1.0763124999999998,1.009229098482416,1.086245894060355
2020-03-06,2025-09-06,11,1.0763124999999998,1.008549524452253,1.0855144600370155
2020-03-06,2026-03-06,12,102.37631249999998,1.00786995042209,103.18200900377138
2020-03-07,2020-09-07,1,1.0765250000000002,1.0021392489567196,1.0788279549831328
2020-03-07,2021-03-07,2,1.0765250000000002,1.0042784979134391,1.0811309099662652
2020-03-07,2021-09-07,3,1.0765250000000002,1.0058411640057687,1.0828131590813104
2020-03-07,2022-03-07,4,1.0765250000000002,1.0074038300980985,1.0844954081963556
2020-03-07,2022-09-07,5,1.0765250000000002,1.0084201503212644,1.0855895023245994
2020-03-07,2023-03-07,6,1.0765250000000002,1.0094364705444305,1.0866835964528432
2020-03-07,2023-09-07,7,1.0765250000000002,1.0099173057143411,1.0872012275341312
2020-03-07,2024-03-07,8,1.0765250000000002,1.010398140884252,1.0877188586154196
2020-03-07,2024-09-07,9,1.0765250000000002,1.0103495387579544,1.0876665372114072
2020-03-07,2025-03-07,10,1.0765250000000002,1.0103009366316569,1.0876142158073947
2020-03-07,2025-09-07,11,1.0765250000000002,1.0097277485260867,1.0869971644820458
2020-03-07,2026-03-07,12,102.39652500000001,1.0091545604205168,103.33392017496347
2020-03-08,2020-09-08,1,1.0767375000000001,1.002288345390768,1.0792014472951923
2020-03-08,2021-03-08,2,1.0767375000000001,1.0045766907815359,1.081665394590384
2020-03-08,2021-09-08,3,1.0767375000000001,1.0062894256971684,1.083509560501605
2020-03-08,2022-03-08,4,1.0767375000000001,1.0080021606128011,1.0853537264128261
2020-03-08,2022-09-08,5,1.0767375000000001,1.0091690356634213,1.0866101445376433
2020-03-08,2023-03-08,6,1.0767375000000001,1.0103359107140415,1.0878665626624604
2020-03-08,2023-09-08,7,1.0767375000000001,1.0109673129465309,1.0885464171237653
2020-03-08,2024-03-08,8,1.0767375000000001,1.0115987151790204,1.0892262715850707
2020-03-08,2024-09-08,9,1.0767375000000001,1.0117002240571424,1.0893355700007274
2020-03-08,2025-03-08,10,1.0767375000000001,1.0118017329352644,1.0894448684163844
2020-03-08,2025-09-08,11,1.0767375000000001,1.0113777362596323,1.088988335295856
2020-03-08,2026-03-08,12,102.41673750000001,1.0109537395840003,103.53858377161792
2020-03-09,2020-09-09,1,1.07695,1.0023428534610987,1.0794731360349303
2020-03-09,2021-03-09,2,1.07695,1.0046857069221977,1.0819962720698608
2020-03-09,2021-09-09,3,1.07695,1.0064533275737255,1.0838999111305239
2020-03-09,2022-03-09,4,1.07695,1.0082209482252533,1.0858035501911867
2020-03-09,2022-09-09,5,1.07695,1.0094429090099166,1.0871195408582297
2020-03-09,2023-03-09,6,1.07695,1.0106648697945797,1.0884355315252727
2020-03-09,2023-09-09,7,1.07695,1.0113513845627988,1.0891748736049063
2020-03-09,2024-03-09,8,1.07695,1.0120378993310177,1.0899142156845396
2020-03-09,2024-09-09,9,1.07695,1.0121943762131178,1.0900827334627172
2020-03-09,2025-03-09,10,1.07695,1.0123508530952179,1.090251251240895
2020-03-09,2025-09-09,11,1.07695,1.0119815101676422,1.0898534873750423
2020-03-09,2026-03-09,12,102.43695,1.0116121672400664,103.62646499496232
2020-03-10,2020-09-10,1,1.0771625,1.0022526316829559,1.0795889503751919
2020-03-10,2021-03-10,2,1.0771625,1.0045052633659117,1.082015400750384
2020-03-10,2021-09-10,3,1.0771625,1.0061820435639381,1.0838215655004406
2020-03-10,2022-03-10,4,1.0771625,1.0078588237619648,1.0856277302504975
2020-03-10,2022-09-10,5,1.0771625,1.0089896195378916,1.0868457810554841
2020-03-10,2023-03-10,6,1.0771625,1.0101204153138184,1.088063831860471
2020-03-10,2023-09-10,7,1.0771625,1.0107157271968303,1.0887050794966557
2020-03-10,2024-03-10,8,1.0771625,1.0113110390798423,1.0893463271328407
2020-03-10,2024-09-10,9,1.0771625,1.0113765587550314,1.0894169024699665
2020-03-10,2025-03-10,10,1.0771625,1.0114420784302207,1.0894874778070927
2020-03-10,2025-09-10,11,1.0771625,1.010982304825297,1.088992226921379
2020-03-10,2026-03-10,12,102.45716250000001,1.0105225312203734,103.53527119115714
2020-03-11,2020-09-11,1,1.077375,1.0021006681254638,1.0796382073216715
2020-03-11,2021-03-11,2,1.077375,1.0042013362509274,1.081901414643343
2020-03-11,2021-09-11,3,1.077375,1.0057251843570665,1.0835431704966945
2020-03-11,2022-03-11,4,1.077375,1.0072490324632053,1.0851849263500457
2020-03-11,2022-09-11,5,1.077375,1.0082264234950822,1.0862379430130142
2020-03-11,2023-03-11,6,1.077375,1.0092038145269593,1.0872909596759828
2020-03-11,2023-09-11,7,1.077375,1.0096457318934782,1.087767070398736
2020-03-11,2024-03-11,8,1.077375,1.0100876492599968,1.088243181121489
2020-03-11,2024-09-11,9,1.077375,1.010000261803726,1.0881490320607894
2020-03-11,2025-03-11,10,1.077375,1.0099128743474555,1.0880548830000898
2020-03-11,2025-09-11,11,1.077375,1.0093011531453855,1.0873958298700097
2020-03-11,2026-03-11,12,102.47737500000001,1.0086894319433157,103.36784517579216
2020-03-12,2020-09-12,1,1.0775875,1.0020266722825812,1.079771416718306
2020-03-12,2021-03-12,2,1.0775875,1.0040533445651625,1.0819553334366119
2020-03-12,2021-09-12,3,1.0775875,1.005502758619785,1.0835172039041976
2020-03-12,2022-03-12,4,1.0775875,1.0069521726744075,1.085079074371783
2020-03-12,2022-09-12,5,1.0775875,1.0078549331064772,1.086051877728876
2020-03-12,2023-03-12,6,1.0775875,1.008757693538547,1.087024681085969
2020-03-12,2023-09-12,7,1.0775875,1.009125018872916,1.0874205062747182
2020-03-12,2024-03-12,8,1.0775875,1.009492344207285,1.0878163314634677
2020-03-12,2024-09-12,9,1.0775875,1.009330635407106,1.087642076081755
2020-03-12,2025-03-12,10,1.0775875,1.0091689266069273,1.087467820700042
2020-03-12,2025-09-12,11,1.0775875,1.0084833842249483,1.0867290887985015
2020-03-12,2026-03-12,12,102.49758750000001,1.0077978418429696,103.29684747661095
2020-03-13,2020-09-13,1,1.0777999999999999,1.0020986412578639,1.0800619155477256
2020-03-13,2021-03-13,2,1.0777999999999999,1.0041972825157275,1.082323831095451
2020-03-13,2021-09-13,3,1.0777999999999999,1.0057190914596084,1.0839640367751657
2020-03-13,2022-03-13,4,1.0777999999999999,1.007240900403489,1.0856042424548804
2020-03-13,2022-09-13,5,1.0777999999999999,1.0082162465962707,1.0866554705814604
2020-03-13,2023-03-13,6,1.0777999999999999,1.0091915927890525,1.0877066987080406
2020-03-13,2023-09-13,7,1.0777999999999999,1.0096314660800578,1.0881807941410861
2020-03-13,2024-03-13,8,1.0777999999999999,1.010071339371063,1.0886548895741315
2020-03-13,2024-09-13,9,1.0777999999999999,1.0099819149630536,1.088558507947179
2020-03-13,2025-03-13,10,1.0777999999999999,1.0098924905550444,1.0884621263202268
2020-03-13,2025-09-13,11,1.0777999999999999,1.0092787458145556,1.0878006322389278
2020-03-13,2026-03-13,12,102.5178,1.008665001074067,103.40611684711098
2020-03-14,2020-09-14,1,1.0780125,1.0022504407779471,1.0804385032891368
2020-03-14,2021-03-14,2,1.0780125,1.0045008815558945,1.0828645065782736
2020-03-14,2021-09-14,3,1.0780125,1.0061754562297434,1.0846697190088663
2020-03-14,2022-03-14,4,1.0780125,1.0078500309035923,1.0864749314394588
2020-03-14,2022-09-14,5,1.0780125,1.0089786136812464,1.0876915577810546
2020-03-14,2023-03-14,6,1.0780125,1.0101071964589006,1.0889081841226507
2020-03-14,2023-09-14,7,1.0780125,1.0107002948313388,1.0895475515818687
2020-03-14,2024-03-14,8,1.0780125,1.0112933932037769,1.0901869190410864
2020-03-14,2024-09-14,9,1.0780125,1.0113567057394892,1.090255170745991
2020-03-14,2025-03-14,10,1.0780125,1.0114200182752013,1.0903234224508955
2020-03-14,2025-09-14,11,1.0780125,1.010958050717142,1.089825415648713
2020-03-14,2026-03-14,12,102.5380125,1.010496083159083,103.61426000616709
2020-03-15,2020-09-15,1,1.078225,1.0023425133780495,1.0807507564870473
2020-03-15,2021-03-15,2,1.078225,1.0046850267560992,1.083276512974095
2020-03-15,2021-09-15,3,1.078225,1.0064523049314718,1.0851820364847362
2020-03-15,2022-03-15,4,1.078225,1.0082195831068443,1.0870875599953773
2020-03-15,2022-09-15,5,1.078225,1.0094412001304736,1.0884047380106798
2020-03-15,2023-03-15,6,1.078225,1.0106628171541028,1.0897219160259826
2020-03-15,2023-09-15,7,1.078225,1.0113489879569755,1.0904617625399098
2020-03-15,2024-03-15,8,1.078225,1.0120351587598482,1.0912016090538372
2020-03-15,2024-09-15,9,1.078225,1.0121912925414631,1.091369956400519
2020-03-15,2025-03-15,10,1.078225,1.012347426323078,1.0915383037472008
2020-03-15,2025-09-15,11,1.078225,1.0119777422192393,1.0911397011043393
2020-03-15,2026-03-15,12,102.558225,1.0116080581154003,103.7487268360123
2020-03-16,2020-09-16,1,1.0784375,1.0022901690040948,1.0809073041353534
2020-03-16,2021-03-16,2,1.0784375,1.0045803380081897,1.083377108270707
2020-03-16,2021-09-16,3,1.0784375,1.0062949089803392,1.0852261659034845
2020-03-16,2022-03-16,4,1.0784375,1.0080094799524888,1.0870752235362622
2020-03-16,2022-09-16,5,1.0784375,1.0091781975574485,1.0883356124283607
2020-03-16,2023-03-16,6,1.0784375,1.0103469151624083,1.0895960013204595
2020-03-16,2023-09-16,7,1.0784375,1.0109801606524953,1.0902789170036753
2020-03-16,2024-03-16,8,1.0784375,1.0116134061425823,1.090961832686891
2020-03-16,2024-09-16,9,1.0784375,1.011716753250527,1.091073286083615
2020-03-16,2025-03-16,10,1.0784375,1.0118201003584715,1.0911847394803391
2020-03-16,2025-09-16,11,1.0784375,1.0113979312088812,1.0907294564380778
2020-03-16,2026-03-16,12,102.57843749999999,1.0109757620592907,103.70431402241383
2020-03-17,2020-09-17,1,1.07865,1.0021415589238098,1.0809599925331677
2020-03-17,2021-03-17,2,1.07865,1.0042831178476197,1.0832699850663352
2020-03-17,2021-09-17,3,1.07865,1.0058481082950148,1.0849580620124177
2020-03-17,2022-03-17,4,1.07865,1.00741309874241,1.0866461389585005
2020-03-17,2022-09-17,5,1.07865,1.008431750168695,1.087744907319463
2020-03-17,2023-03-17,6,1.07865,1.0094504015949801,1.0888436756804254
2020-03-17,2023-09-17,7,1.07865,1.0099335674759242,1.0893648425579057
2020-03-17,2024-03-17,8,1.07865,1.010416733356868,1.089886009435386
2020-03-17,2024-09-17,9,1.07865,1.0103704541984553,1.089836090421164
2020-03-17,2025-03-17,10,1.07865,1.0103241750400425,1.089786171406942
2020-03-17,2025-09-17,11,1.07865,1.0097532949863415,1.0891703916370175
2020-03-17,2026-03-17,12,102.59865,1.0091824149326407,103.54075337582879
2020-03-18,2020-09-18,1,1.0788625,1.0020333317698205,1.081056185396518
2020-03-18,2021-03-18,2,1.0788625,1.0040666635396407,1.0832498707930356
2020-03-18,2021-09-18,3,1.0788625,1.0055227756236491,1.0848208155162693
2020-03-18,2022-03-18,4,1.0788625,1.0069788877076575,1.0863917602395028
2020-03-18,2022-09-18,5,1.0788625,1.0078883629573188,1.0873729589810404
2020-03-18,2023-03-18,6,1.0788625,1.0087978382069798,1.0883541577225777
2020-03-18,2023-09-18,7,1.0788625,1.0091718739879036,1.0887576909002747
2020-03-18,2024-03-18,8,1.0788625,1.0095459097688275,1.0891612240779718
2020-03-18,2024-09-18,9,1.0788625,1.009390886160105,1.0889939749199065
2020-03-18,2025-03-18,10,1.0788625,1.0092358625513824,1.088826725761841
2020-03-18,2025-09-18,11,1.0788625,1.0085569594652521,1.0880942826810807
2020-03-18,2026-03-18,12,102.6188625,1.0078780563791219,103.42729968433636
2020-03-19,2020-09-19,1,1.079075,1.002064950676432,1.081303236651171
2020-03-19,2021-03-19,2,1.079075,1.0041299013528644,1.0835314733023422
2020-03-19,2021-09-19,3,1.079075,1.0056178177574662,1.085137046696638
2020-03-19,2022-03-19,4,1.079075,1.007105734162068,1.0867426200909334
2020-03-19,2022-09-19,5,1.079075,1.0080470958729215,1.0877584199790729
2020-03-19,2023-03-19,6,1.079075,1.0089884575837753,1.0887742198672123
2020-03-19,2023-09-19,7,1.079075,1.0093943615012808,1.0892122206369945
2020-03-19,2024-03-19,8,1.079075,1.0098002654187865,1.0896502214067771
2020-03-19,2024-09-19,9,1.079075,1.0096769924482456,1.0895172006260907
2020-03-19,2025-03-19,10,1.079075,1.0095537194777044,1.089384179845404
2020-03-19,2025-09-19,11,1.079075,1.0089063514990362,1.0886856212438225
2020-03-19,2026-03-19,12,102.639075,1.008258983520368,103.48676942897082
2020-03-20,2020-09-20,1,1.0792875,1.0022073617879528,1.081669877985715
2020-03-20,2021-03-20,2,1.0792875,1.0044147235759058,1.0840522559714303
2020-03-20,2021-09-20,3,1.0792875,1.006045935704042,1.0858128028311762
2020-03-20,2022-03-20,4,1.0792875,1.0076771478321787,1.0875733496909226
2020-03-20,2022-09-20,5,1.0792875,1.0087622250253294,1.0887444599420253
2020-03-20,2023-03-20,6,1.0792875,1.00984730221848,1.0899155701931276
2020-03-20,2023-09-20,7,1.0792875,1.010396888855921,1.0905087321810847
2020-03-20,2024-03-20,8,1.0792875,1.010946475493362,1.0911018941690418
2020-03-20,2024-09-20,9,1.0792875,1.0109664054660268,1.0911234043394142
2020-03-20,2025-03-20,10,1.0792875,1.0109863354386917,1.091144914509787
2020-03-20,2025-09-20,11,1.0792875,1.0104812484478105,1.0905997804341163
2020-03-20,2026-03-20,12,102.6592875,1.0099761614569294,103.68343312715334
2020-03-21,2020-09-21,1,1.0795,1.0023296597326086,1.0820148676813508
2020-03-21,2021-03-21,2,1.0795,1.004659319465217,1.0845297353627015
2020-03-21,2021-09-21,3,1.0795,1.0064136538850432,1.0864235393689041
2020-03-21,2022-03-21,4,1.0795,1.0081679883048695,1.0883173433751065
2020-03-21,2022-09-21,5,1.0795,1.0093766133514104,1.0896220541128474
2020-03-21,2023-03-21,6,1.0795,1.0105852383979512,1.0909267648505883
2020-03-21,2023-09-21,7,1.0795,1.0112584098431583,1.0916534534256892
2020-03-21,2024-03-21,8,1.0795,1.0119315812883654,1.0923801420007904
2020-03-21,2024-09-21,9,1.0795,1.012074748739971,1.0925346912647986
2020-03-21,2025-03-21,10,1.0795,1.0122179161915767,1.0926892405288071
2020-03-21,2025-09-21,11,1.0795,1.0118353388206485,1.09227624825689
2020-03-21,2026-03-21,12,102.67949999999999,1.0114527614497204,103.85546381927655
2020-03-22,2020-09-22,1,1.0797125,1.0023193656590057,1.0822167480940992
2020-03-22,2021-03-22,2,1.0797125,1.0046387313180112,1.0847209961881983
2020-03-22,2021-09-22,3,1.0797125,1.0063826999739482,1.0866039809456216
2020-03-22,2022-03-22,4,1.0797125,1.0081266686298853,1.0884869657030452
2020-03-22,2022-09-22,5,1.0797125,1.0093248897728873,1.0897807000489086
2020-03-22,2023-03-22,6,1.0797125,1.0105231109158892,1.091074434394772
2020-03-22,2023-09-22,7,1.0797125,1.0111858730265233,1.0917900269301501
2020-03-22,2024-03-22,8,1.0797125,1.0118486351371574,1.092505619465528
2020-03-22,2024-09-22,9,1.0797125,1.0119814201822281,1.092648989138504
2020-03-22,2025-03-22,10,1.0797125,1.012114205227299,1.09279235881148
2020-03-22,2025-09-22,11,1.0797125,1.0117213044352988,1.0923681389150977
2020-03-22,2026-03-22,12,102.6997125,1.0113284036432986,103.86313629725072
2020-03-23,2020-09-23,1,1.079925,1.0021859493424614,1.0822856613436576
2020-03-23,2021-03-23,2,1.079925,1.0043718986849228,1.0846463226873153
2020-03-23,2021-09-23,3,1.079925,1.0059815601846083,1.086384636382363
2020-03-23,2022-03-23,4,1.079925,1.0075912216842937,1.088122950077411
2020-03-23,2022-09-23,5,1.079925,1.008654679928024,1.0892714052212713
2020-03-23,2023-03-23,6,1.079925,1.0097181381717546,1.090419860365132
2020-03-23,2023-09-23,7,1.079925,1.0102461055795922,1.0909900255680411
2020-03-23,2024-03-23,8,1.079925,1.01077407298743,1.0915601907709502
2020-03-23,2024-09-23,9,1.079925,1.0107724506955127,1.0915584388173516
2020-03-23,2025-03-23,10,1.079925,1.0107708284035954,1.0915566868637527
2020-03-23,2025-09-23,11,1.079925,1.0102443226632438,1.0909881001521036
2020-03-23,2026-03-23,12,102.719925,1.0097178169228924,103.71813842548325
2020-03-24,2020-09-24,1,1.0801375,1.0020521072760082,1.0823540580228392
2020-03-24,2021-03-24,2,1.0801375,1.0041042145520165,1.0845706160456787
2020-03-24,2021-09-24,3,1.0801375,1.005579211760482,1.0861638158429376
2020-03-24,2022-03-24,4,1.0801375,1.0070542089689476,1.0877570156401966
2020-03-24,2022-09-24,5,1.0801375,1.0079826176342903,1.0887598246549581
2020-03-24,2023-03-24,6,1.0801375,1.008911026299633,1.08976263366972
2020-03-24,2023-09-24,7,1.0801375,1.0093039841310023,1.0901870821593005
2020-03-24,2024-03-24,8,1.0801375,1.0096969419623716,1.090611530648881
2020-03-24,2024-09-24,9,1.0801375,1.0095607701522642,1.0904644463703412
2020-03-24,2025-03-24,10,1.0801375,1.0094245983421568,1.0903173620918014
2020-03-24,2025-09-24,11,1.0801375,1.0087644185969995,1.0896042771923165
2020-03-24,2026-03-24,12,102.7401375,1.008104238851842,103.5727681139711
2020-03-25,2020-09-25,1,1.08035,1.0020408593668289,1.0825548424169535
2020-03-25,2021-03-25,2,1.08035,1.0040817187336575,1.0847596848339067
2020-03-25,2021-09-25,3,1.08035,1.0055454021943948,1.0863409752607143
2020-03-25,2022-03-25,4,1.08035,1.0070090856551321,1.087922265687522
2020-03-25,2022-09-25,5,1.08035,1.0079261514726832,1.0889130177435131
2020-03-25,2023-03-25,6,1.08035,1.008843217290234,1.0899037697995042
2020-03-25,2023-09-25,7,1.08035,1.0092248389125094,1.0903160547191295
2020-03-25,2024-03-25,8,1.08035,1.009606460534785,1.0907283396387548
2020-03-25,2024-09-25,9,1.08035,1.0094589944328942,1.0905690246355773
2020-03-25,2025-03-25,10,1.08035,1.0093115283310037,1.0904097096323997
2020-03-25,2025-09-25,11,1.08035,1.0086401310831907,1.0896843656157251
2020-03-25,2026-03-25,12,102.76034999999999,1.0079687338353776,103.57921987798022
2020-03-26,2020-09-26,1,1.0805624999999999,1.0021625409352495,1.0828992606393455
2020-03-26,2021-03-26,2,1.0805624999999999,1.004325081870499,1.085236021278691
2020-03-26,2021-09-26,3,1.0805624999999999,1.0059111859952168,1.0869499059169563
2020-03-26,2022-03-26,4,1.0805624999999999,1.0074972901199348,1.0886637905552219
2020-03-26,2022-09-26,5,1.0805624999999999,1.0085371184083842,1.0897873900101596
2020-03-26,2023-03-26,6,1.0805624999999999,1.0095769466968336,1.0909109894650972
2020-03-26,2023-09-26,7,1.0805624999999999,1.0100812859521844,1.091455959551707
2020-03-26,2024-03-26,8,1.0805624999999999,1.0105856252075351,1.092000929638317
2020-03-26,2024-09-26,9,1.0805624999999999,1.0105604500661693,1.091973726324625
2020-03-26,2025-03-26,10,1.0805624999999999,1.0105352749248036,1.0919465230109329
2020-03-26,2025-09-26,11,1.0805624999999999,1.009985364365428,1.0913523102821177
2020-03-26,2026-03-26,12,102.78056249999999,1.0094354538060522,103.7503437496288
2020-03-27,2020-09-27,1,1.080775,1.0023053173356031,1.0832665293433865
2020-03-27,2021-03-27,2,1.080775,1.0046106346712063,1.085758058686773
2020-03-27,2021-09-27,3,1.080775,1.006340457851144,1.0876276083340701
2020-03-27,2022-03-27,4,1.080775,1.0080702810310818,1.0894971579813675
2020-03-27,2022-09-27,5,1.080775,1.0092543053369125,1.0907768218505016
2020-03-27,2023-03-27,6,1.080775,1.010438329642743,1.0920564857196358
2020-03-27,2023-09-27,7,1.080775,1.0110868881929973,1.0927574315867867
2020-03-27,2024-03-27,8,1.080775,1.0117354467432516,1.0934583774539377
2020-03-27,2024-09-27,9,1.080775,1.0118540656613961,1.0935865778151954
2020-03-27,2025-03-27,10,1.080775,1.0119726845795407,1.0937147781764531
2020-03-27,2025-09-27,11,1.080775,1.011565698834842,1.0932749181582264
2020-03-27,2026-03-27,12,102.80077500000002,1.0111587130901436,103.94789935366943
2020-03-28,2020-09-28,1,1.0809875,1.0023378942453882,1.0835147344555867
2020-03-28,2021-03-28,2,1.0809875,1.0046757884907767,1.0860419689111733
2020-03-28,2021-09-28,3,1.0809875,1.0064384150752095,1.087947346216113
2020-03-28,2022-03-28,4,1.0809875,1.008201041659642,1.0898527235210524
2020-03-28,2022-09-28,5,1.0809875,1.009417989686729,1.091168229126483
2020-03-28,2023-03-28,6,1.0809875,1.0106349377138162,1.0924837347319138
2020-03-28,2023-09-28,7,1.0809875,1.0113164367912364,1.0932204267158667
2020-03-28,2024-03-28,8,1.0809875,1.0119979358686564,1.0939571186998192
2020-03-28,2024-09-28,9,1.0809875,1.0121494097175683,1.0941208600370698
2020-03-28,2025-03-28,10,1.0809875,1.01230088356648,1.0942846013743202
2020-03-28,2025-09-28,11,1.0809875,1.011926565710786,1.0938799684512883
2020-03-28,2026-03-28,12,102.82098750000002,1.0115522478550925,104.00880103230539
2020-03-29,2020-09-29,1,1.0812000000000002,1.002230303712548,1.083611404374007
2020-03-29,2021-03-29,2,1.0812000000000002,1.004460607425096,1.086022808748014
2020-03-29,2021-09-29,3,1.0812000000000002,1.0061149115639043,1.0878114423828935
2020-03-29,2022-03-29,4,1.0812000000000002,1.0077692157027127,1.089600076017773
2020-03-29,2022-09-29,5,1.0812000000000002,1.0088774601535588,1.090798309918028
2020-03-29,2023-03-29,6,1.0812000000000002,1.0099857046044047,1.0919965438182826
2020-03-29,2023-09-29,7,1.0812000000000002,1.0105584608458393,1.0926158078665216
2020-03-29,2024-03-29,8,1.0812000000000002,1.0111312170872742,1.093235071914761
2020-03-29,2024-09-29,9,1.0812000000000002,1.0111742469491884,1.0932815958014628
2020-03-29,2025-03-29,10,1.0812000000000002,1.0112172768111027,1.0933281196881643
2020-03-29,2025-09-29,11,1.0812000000000002,1.0107351486658849,1.0928068427375548
2020-03-29,2026-03-29,12,102.8412,1.010253020520667,103.89563293397002
2020-03-30,2020-09-30,1,1.0814125,1.0020815043966893,1.083663464873385
2020-03-30,2021-03-30,2,1.0814125,1.0041630087933786,1.0859144297467695
2020-03-30,2021-09-30,3,1.0814125,1.0056675775826465,1.0875414892425939
2020-03-30,2022-03-30,4,1.0814125,1.0071721463719143,1.089168548738418
2020-03-30,2022-09-30,5,1.0814125,1.00813020507312,1.0902046053936354
2020-03-30,2023-03-30,6,1.0814125,1.0090882637743257,1.091240662048853
2020-03-30,2023-09-30,7,1.0814125,1.0095108566891695,1.0916976593093766
2020-03-30,2024-03-30,8,1.0814125,1.0099334496040135,1.0921546565699005
2020-03-30,2024-09-30,9,1.0814125,1.009826805705241,1.0920393305247191
2020-03-30,2025-03-30,10,1.0814125,1.0097201618064686,1.0919240044795377
2020-03-30,2025-09-30,11,1.0814125,1.009089311629225,1.0912417952122393
2020-03-30,2026-03-30,12,102.8614125,1.0084584614519811,103.73146179252758
2020-03-31,2020-09-30,1,1.081625,1.002028284949517,1.0838188437085214
2020-03-31,2021-03-31,2,1.081625,1.0040565698990342,1.086012687417043
2020-03-31,2021-09-30,3,1.081625,1.005507605937732,1.0875821642723993
2020-03-31,2022-03-31,4,1.081625,1.0069586419764296,1.0891516411277558
2020-03-31,2022-09-30,5,1.081625,1.0078630284416739,1.0901298481382256
2020-03-31,2023-03-31,6,1.081625,1.008767414906918,1.0911080551486951
2020-03-31,2023-09-30,7,1.081625,1.0091363651996372,1.0915071210090577
2020-03-31,2024-03-31,8,1.081625,1.0095053154923566,1.0919061868694202
2020-03-31,2024-09-30,9,1.081625,1.0093452255185194,1.0917330295514684
2020-03-31,2025-03-31,10,1.081625,1.0091851355446821,1.091559872233517
2020-03-31,2025-09-30,11,1.081625,1.008501200858932,1.0908201113790423
2020-03-31,2026-03-31,12,102.881625,1.007817266173182,103.68587804695449
