tenor,break_date,rolling_mean_change,window
2,2010-03-31,0.5748501217525472,60
2,2010-04-01,0.5591621735859071,60
2,2010-04-06,0.6222056546835901,60
2,2010-05-25,0.728176491375871,60
2,2010-07-12,0.5687475600163481,60
2,2012-02-23,0.5995126208855339,60
2,2012-02-24,0.5695778960173783,60
2,2012-02-27,0.6811932325657359,60
2,2012-02-28,0.6950135919405689,60
2,2012-02-29,0.7098641363284166,60
2,2012-03-01,0.682281983235427,60
2,2012-03-02,0.6750266796109834,60
2,2012-03-05,0.7270233162795705,60
2,2012-03-06,0.7640953769616097,60
2,2012-03-07,0.7983107426905072,60
2,2012-03-08,0.8571227257968204,60
2,2012-03-09,0.798966928350616,60
2,2012-03-12,0.8251583528606012,60
2,2012-03-13,0.729496714757488,60
2,2012-03-14,0.705351238556787,60
2,2012-03-15,0.6798263411940493,60
2,2012-03-16,0.737540544231253,60
2,2012-03-19,0.7489583093335241,60
2,2012-03-20,0.7258843449030241,60
2,2012-03-21,0.7180628048173432,60
2,2012-03-22,0.7140291685533064,60
2,2012-03-23,0.7363388613571544,60
2,2012-03-26,0.669165719354158,60
2,2012-03-27,0.6995053758966172,60
2,2012-03-28,0.6374484735660229,60
2,2012-03-29,0.6439789107631784,60
2,2012-03-30,0.5706207620149719,60
2,2012-04-16,0.5645259604255914,60
2,2012-07-19,0.5624947995538729,60
2,2013-02-13,0.6190850902056937,60
2,2013-02-14,0.6321076463711179,60
2,2013-02-15,0.7347982781313132,60
2,2013-02-19,0.7052419155116905,60
2,2013-02-20,0.7495145850662599,60
2,2013-02-21,0.7605687856850913,60
2,2013-02-22,0.7515840330608583,60
2,2013-02-25,0.81997824705123,60
2,2013-02-26,0.7296189952129559,60
2,2013-02-27,0.7639162783893418,60
2,2013-02-28,0.7674427676082427,60
2,2013-03-01,0.7381720090867683,60
2,2013-03-04,0.7548770786381951,60
2,2013-03-05,0.7784377573533492,60
2,2013-03-06,0.7585400339115136,60
2,2013-03-07,0.7812756561451275,60
2,2013-03-08,0.7065784640950903,60
2,2013-03-11,0.7777506906292051,60
2,2013-03-12,0.687540332493519,60
2,2013-03-13,0.6710223206840931,60
2,2013-03-14,0.7174736619509624,60
2,2013-03-15,0.7297186234782964,60
2,2013-03-18,0.6609372866636839,60
2,2013-03-19,0.6870012480205689,60
2,2013-03-20,0.6235975827691975,60
2,2013-03-21,0.6441339437435563,60
2,2013-03-22,0.5850592314248964,60
2,2013-03-25,0.5970504494414723,60
2,2013-03-26,0.5541333370382793,60
2,2013-03-27,0.6102420534529482,60
2,2013-04-03,0.57260406277193,60
2,2013-04-04,0.5564513390631989,60
2,2013-05-30,0.6233518622865324,60
2,2013-05-31,0.623866514628423,60
2,2013-06-03,0.68451769542947,60
2,2013-06-04,0.6645741652008255,60
2,2013-06-05,0.7334835144929093,60
2,2013-06-06,0.6899293396483612,60
2,2013-06-07,0.6479285904178833,60
2,2013-06-10,0.681260724692804,60
2,2013-06-11,0.729539604169031,60
2,2013-06-12,0.6648446069775769,60
2,2013-06-13,0.7933475550644389,60
2,2013-06-14,0.7046409523725854,60
2,2013-06-17,0.7400663248067576,60
2,2013-06-18,0.7239080902352222,60
2,2013-06-19,0.756429942850116,60
2,2013-06-20,0.7265467549904714,60
2,2013-06-21,0.8084402335221492,60
2,2013-06-24,0.8976050655734964,60
2,2013-06-25,0.9031766975683793,60
2,2013-06-26,0.8210572194193837,60
2,2013-06-27,0.8265406639394648,60
2,2013-06-28,0.8936013624576411,60
2,2013-07-01,0.830600599894483,60
2,2013-07-02,0.7796685571875841,60
2,2013-07-03,0.6806191695501997,60
2,2013-07-05,0.7619782967269746,60
2,2013-07-08,0.8795418225356535,60
2,2013-07-09,0.6467089882157264,60
2,2013-07-10,0.757073121805174,60
2,2013-07-11,1.0544994090113669,60
2,2013-07-12,0.6497766482403975,60
2,2013-07-15,0.6323468757960153,60
2,2013-07-16,0.6004463628663821,60
2,2013-07-17,0.5671007344695589,60
2,2013-07-18,0.5892723996840594,60
2,2013-07-24,0.6347927744343771,60
2,2013-07-25,0.5926799593951237,60
2,2014-02-26,0.577325798594968,60
2,2014-02-27,0.5952879552718251,60
2,2014-02-28,0.6174691285063147,60
2,2014-03-03,0.6204205328652623,60
2,2014-03-04,0.5616952556595232,60
2,2014-03-05,0.5844114600071686,60
2,2014-03-06,0.6324747115742388,60
2,2014-03-12,0.5712336430381271,60
2,2014-07-11,0.6132441454301798,60
2,2014-07-14,0.6348375714078109,60
2,2014-07-15,0.57898437657418,60
2,2014-07-16,0.5786780116140093,60
2,2014-07-17,0.5599846598380118,60
2,2014-07-18,0.6144040305160807,60
2,2014-07-21,0.5969020674630308,60
2,2014-07-22,0.6211170508613932,60
2,2014-07-24,0.5868831088526179,60
2,2014-07-25,0.5742517556464009,60
2,2014-07-28,0.5981864804015551,60
2,2014-07-29,0.6178557788460992,60
2,2014-07-30,0.6147724161175887,60
2,2014-07-31,0.603422105175607,60
2,2014-08-04,0.5616182730849495,60
2,2014-12-16,0.7481114641495807,60
2,2014-12-17,0.6895475864754061,60
2,2014-12-18,0.6513763535294785,60
2,2014-12-19,0.6450769383631361,60
2,2014-12-22,0.6629162378669591,60
2,2014-12-23,0.6305426469789666,60
2,2014-12-26,0.6023332062495435,60
2,2014-12-30,0.5605182229164392,60
2,2014-12-31,0.558695305665438,60
2,2015-01-02,0.6869908257532948,60
2,2015-01-05,0.6772176388980178,60
2,2015-01-06,0.6191335403599538,60
2,2015-01-07,0.6323757629733677,60
2,2015-01-08,0.6227390375937318,60
2,2015-01-09,0.6653264846470464,60
2,2015-01-12,0.669568367083091,60
2,2015-01-13,0.7399960098191478,60
2,2015-01-14,0.7052380568795726,60
2,2015-01-15,0.7148888589398901,60
2,2015-01-16,0.7176314915003168,60
2,2015-01-20,0.690417836815449,60
2,2015-01-21,0.7250400702760729,60
2,2015-01-22,0.7172547338107158,60
2,2015-01-23,0.7358843508625448,60
2,2015-01-26,0.7145811249437131,60
2,2015-01-27,0.7529889872336408,60
2,2015-01-28,0.7508852278418328,60
2,2015-01-29,0.6974084712769741,60
2,2015-01-30,0.6995647210752054,60
2,2015-02-02,0.7113457796353106,60
2,2015-02-03,0.6823849783549676,60
2,2015-02-04,0.6781459705733646,60
2,2015-02-05,0.6147215705026117,60
2,2015-06-18,0.5553988475847458,60
2,2015-07-02,0.6116928850760104,60
2,2015-07-09,0.5582627097953115,60
2,2016-02-17,0.5838657498758231,60
2,2016-02-18,0.5627209646705822,60
2,2016-02-24,0.6655875132348648,60
2,2016-02-25,0.5852394407201977,60
2,2016-02-26,0.6235328482408313,60
2,2016-02-29,0.5952301575337806,60
2,2016-03-11,0.5573318396230711,60
2,2016-03-14,0.5945098002817506,60
2,2016-03-16,0.5767466856049239,60
2,2016-03-18,0.5729530248275889,60
2,2016-03-21,0.5923816464638385,60
2,2016-03-24,0.6082825424186993,60
2,2016-03-28,0.5940572703556253,60
2,2016-03-29,0.5732026494497884,60
2,2016-03-30,0.5663219562183066,60
2,2017-02-22,0.570430261573474,60
2,2017-02-24,0.6060341471063957,60
2,2017-02-27,0.5815352928608704,60
2,2017-03-02,0.6174938522908562,60
2,2017-03-03,0.6095406135309851,60
2,2017-03-06,0.574075218058411,60
2,2017-03-07,0.6066180256006888,60
2,2017-03-09,0.6438017193699892,60
2,2017-03-10,0.5572475814592508,60
2,2017-03-15,0.5955580287786439,60
2,2017-03-16,0.558974970404428,60
2,2018-02-26,0.584117725470584,60
2,2018-02-27,0.6021334848611204,60
2,2018-02-28,0.635037351131496,60
2,2018-03-01,0.6044480386817259,60
2,2018-03-02,0.6432449361628567,60
2,2018-03-05,0.5703652608208838,60
2,2018-03-06,0.5967871262109519,60
2,2018-03-07,0.5729872010413377,60
2,2018-03-08,0.5650752504521677,60
2,2018-07-30,0.5569574988815553,60
2,2019-01-28,0.5857881096222854,60
2,2019-02-01,0.5587807325366434,60
2,2019-02-13,0.580228321508022,60
2,2019-02-22,0.7051057886654863,60
2,2019-02-25,0.7261714367038739,60
2,2019-02-26,0.6193245685674302,60
2,2019-02-27,0.6357565520166073,60
2,2019-02-28,0.5664921088860382,60
2,2019-03-01,0.5902746009497726,60
2,2019-03-04,0.6421216537327483,60
2,2019-03-05,0.633734457159493,60
2,2019-03-06,0.6417000611419841,60
2,2019-03-07,0.6536877975460804,60
2,2019-03-08,0.5704936089645516,60
2,2019-03-11,0.6238960315612845,60
2,2019-03-12,0.6391988331839,60
2,2019-03-13,0.5885036637102896,60
2,2019-03-14,0.6085050740453068,60
2,2019-03-15,0.6285797441181922,60
2,2019-03-18,0.5896160905540058,60
2,2019-03-21,0.6026326587290627,60
2,2019-03-27,0.5709528572996894,60
2,2019-06-05,0.5760425770702238,60
2,2019-06-12,0.5661481584158992,60
2,2019-06-14,0.5759159918182393,60
2,2019-06-17,0.6122759537977975,60
2,2019-06-21,0.678770570115562,60
2,2019-06-24,0.5764351163648467,60
2,2019-06-25,0.7376597896631143,60
2,2019-06-26,0.5836018179769731,60
2,2019-06-27,0.7409058799332122,60
2,2019-06-28,0.5544353380032945,60
2,2020-01-31,0.5784245432566273,60
2,2020-02-04,0.5787333069106033,60
2,2020-02-07,0.5964451663956751,60
2,2020-02-10,0.569482032698577,60
2,2020-02-11,0.5597438962268555,60
2,2020-02-12,0.6457061932998798,60
2,2020-02-13,0.6513190964498534,60
2,2020-02-14,0.6784173454812361,60
2,2020-02-18,0.6291242227270573,60
2,2020-02-19,0.6632104465536379,60
2,2020-02-20,0.6539535042437237,60
2,2020-02-21,0.7014380989830045,60
2,2020-02-24,0.680666171354094,60
2,2020-02-25,0.7086112896232226,60
2,2020-02-26,0.6771508546115452,60
2,2020-02-27,0.6915966054060743,60
2,2020-03-04,0.5638988873348811,60
2,2021-01-29,0.5646407595780758,60
2,2021-02-02,0.630144009592529,60
2,2021-02-08,0.6633695195395664,60
2,2021-02-09,0.627009560797088,60
2,2021-02-10,0.6213551253504033,60
2,2021-02-11,0.686388316040917,60
2,2021-02-12,0.6479454278730898,60
2,2021-02-16,0.6116645358999655,60
2,2021-02-19,0.5764161771197891,60
2,2021-02-22,0.643314757705534,60
2,2021-02-23,0.6790216727406602,60
2,2021-02-24,0.6668888971463343,60
2,2021-02-25,0.5609907887278824,60
2,2021-02-26,0.6749727491896502,60
2,2021-03-01,0.7869310828893532,60
2,2021-03-02,0.8074547985479716,60
2,2021-03-03,0.6330388739318829,60
2,2021-03-04,0.7793684696504135,60
2,2021-03-05,0.7560711502866229,60
2,2021-03-08,0.6168231034676674,60
2,2021-03-09,0.6606655566966009,60
2,2021-03-10,0.7733232630034264,60
2,2021-03-11,0.7073061196606334,60
2,2021-03-12,0.6121531460679581,60
2,2021-03-15,0.6309008272075514,60
2,2021-03-16,0.6669540323764696,60
2,2021-03-17,0.6871866733116723,60
2,2021-03-18,0.5836506141280915,60
2,2021-07-14,0.7021869342967262,60
2,2022-01-27,0.6199209990644565,60
2,2022-01-28,0.5886818235922853,60
2,2022-01-31,0.5768749529911172,60
2,2022-02-01,0.5797412692183013,60
2,2022-02-11,0.5985507594882629,60
2,2022-02-14,0.660744729752786,60
2,2022-02-24,0.6020883058635758,60
2,2022-02-28,0.6414042154165486,60
2,2022-03-01,0.698048351974697,60
2,2022-03-02,0.629821452992914,60
2,2022-03-14,0.6178141360737204,60
2,2022-05-13,0.6546614728055005,60
2,2022-05-17,0.6148180299315733,60
2,2022-05-18,0.6148499065124682,60
2,2022-05-19,0.6249438200123256,60
2,2022-05-20,0.6851035787824493,60
2,2022-05-23,0.6568788048807086,60
2,2022-05-24,0.8319628820475655,60
2,2022-05-25,0.840360423162342,60
2,2022-05-26,0.7659058842486288,60
2,2022-05-27,0.8077853556266072,60
2,2022-05-31,0.867465339606614,60
2,2022-06-01,0.7211815240756683,60
2,2022-06-02,0.8562756821357543,60
2,2022-06-03,0.954280296906733,60
2,2022-06-06,0.9657798358206531,60
2,2022-06-07,0.8022383088556926,60
2,2022-06-08,0.8743585843269397,60
2,2022-06-09,0.7659580530586787,60
2,2022-06-10,0.763165415679409,60
2,2022-06-13,0.5980386235296198,60
2,2022-06-14,0.6988600635549069,60
2,2022-06-15,0.563597896445259,60
2,2022-06-16,0.6521016890409523,60
2,2022-06-17,0.8070392926982084,60
2,2022-06-21,0.7179362442491328,60
2,2022-06-22,0.740996357412465,60
2,2022-06-24,0.7690851555783134,60
2,2022-06-27,0.6108708827688982,60
2,2022-06-28,0.6270125786475749,60
2,2022-06-29,0.8051809967312504,60
2,2023-02-13,0.5607808169002482,60
2,2023-02-15,0.7078426013565213,60
2,2023-02-16,0.6386051864578981,60
2,2023-02-21,0.603366874151785,60
2,2023-02-22,0.6983892000764058,60
2,2023-02-23,0.6261602596676248,60
2,2023-02-24,0.7185859667330909,60
2,2023-02-27,0.8279227793114678,60
2,2023-02-28,0.9004791525891349,60
2,2023-03-01,0.7135018268097753,60
2,2023-03-02,0.7149366576564304,60
2,2023-03-03,0.7858423470754232,60
2,2023-03-06,0.703082751729589,60
2,2023-03-07,0.7575358730854287,60
2,2023-03-08,0.8141436330471432,60
2,2023-03-09,0.7896342456883794,60
2,2023-03-10,0.6304896000266513,60
2,2023-03-14,0.6340414041481335,60
2,2023-03-15,0.6577210697371978,60
2,2023-03-16,0.701410832534684,60
2,2023-03-21,0.5895416156336974,60
2,2023-03-22,0.5785200977942804,60
2,2023-06-01,0.6082953694687134,60
2,2024-02-23,0.5897318812205761,60
2,2024-02-26,0.6175047117932646,60
2,2024-02-27,0.6533550108317474,60
2,2024-02-28,0.649902703387383,60
2,2024-02-29,0.6861453892976392,60
2,2024-03-01,0.6208024337373743,60
2,2024-03-04,0.6614575391883744,60
2,2024-03-05,0.6227005364172946,60
2,2024-03-06,0.5798385079172812,60
2,2024-03-07,0.5778075597098935,60
5,2010-03-31,0.33610875394888495,60
5,2010-04-01,0.34232089005092803,60
5,2010-04-02,0.27073824776909916,60
5,2010-04-05,0.27575362867978015,60
5,2010-04-06,0.2685106222397948,60
5,2010-04-07,0.3444786757778395,60
5,2010-04-08,0.29621570284551524,60
5,2010-04-09,0.29937466045134187,60
5,2010-05-14,0.2510077572944738,60
5,2010-05-20,0.2468799489493776,60
5,2010-05-21,0.35043875982458417,60
5,2010-05-24,0.34614584877838084,60
5,2010-05-25,0.519104458050812,60
5,2010-05-26,0.31808105328897085,60
5,2010-05-28,0.3828154285321368,60
5,2010-06-01,0.2642742748982805,60
5,2010-06-02,0.31403873141751504,60
5,2010-06-03,0.32181250662255323,60
5,2010-06-04,0.3459169174774317,60
5,2010-06-07,0.3538284657589692,60
5,2010-06-08,0.4316726367486332,60
5,2010-06-09,0.3814367059691257,60
5,2010-06-10,0.29531891698867696,60
5,2010-06-11,0.31658635397876367,60
5,2010-06-14,0.2738628813565924,60
5,2010-06-15,0.26315722112313367,60
5,2010-06-16,0.2882663760074671,60
5,2010-06-17,0.282723697589379,60
5,2010-06-23,0.2620534751081429,60
5,2010-06-24,0.28566667423446646,60
5,2010-06-25,0.34396620582399606,60
5,2010-06-28,0.3224482387952392,60
5,2010-06-29,0.304341760422858,60
5,2010-06-30,0.38781050545307494,60
5,2010-07-01,0.3607851940558007,60
5,2010-07-02,0.3531269871238294,60
5,2010-07-06,0.3422358869798998,60
5,2010-07-07,0.3438109130476974,60
5,2010-07-08,0.3201675491078646,60
5,2010-07-09,0.3167403521566001,60
5,2010-07-12,0.24528047444857037,60
5,2010-07-19,0.2419825390304382,60
5,2010-08-19,0.3159384205572948,60
5,2011-01-31,0.27598199221034747,60
5,2011-02-01,0.2755291166163971,60
5,2011-02-02,0.388206224744188,60
5,2011-02-03,0.33008454948332044,60
5,2011-02-04,0.3219362443198257,60
5,2011-02-07,0.3262365504556435,60
5,2011-02-08,0.3407775528574426,60
5,2011-02-09,0.262735952194209,60
5,2011-02-10,0.3759445483808932,60
5,2011-02-11,0.2771249371574065,60
5,2011-02-14,0.2553654333902209,60
5,2011-02-16,0.2612285889846966,60
5,2011-02-17,0.32261710244133823,60
5,2011-02-24,0.24321668178306055,60
5,2011-02-25,0.2542283906045917,60
5,2011-02-28,0.2599240193716206,60
5,2011-03-07,0.3543535106201894,60
5,2011-03-08,0.2713720914176214,60
5,2011-03-11,0.2797336767856464,60
5,2011-03-14,0.30652758640426114,60
5,2011-03-15,0.28080449028307797,60
5,2011-03-24,0.31708655796769136,60
5,2011-03-29,0.2420378608333955,60
5,2011-04-01,0.25682864447880505,60
5,2011-04-05,0.24302913630284095,60
5,2011-04-08,0.2955655260249799,60
5,2011-05-31,0.24960636727541186,60
5,2011-06-01,0.2654150190407556,60
5,2011-06-02,0.3311436335994635,60
5,2011-06-06,0.3162339798553262,60
5,2011-06-07,0.33749640376353796,60
5,2011-06-08,0.39717146203943443,60
5,2011-06-09,0.40839716403092297,60
5,2011-06-10,0.3532398954480378,60
5,2011-06-13,0.3655508737221389,60
5,2011-06-14,0.32212057349608614,60
5,2011-06-15,0.41873535684307583,60
5,2011-06-16,0.2834962504603098,60
5,2011-06-17,0.3539572351530076,60
5,2011-06-20,0.47831389573638106,60
5,2011-06-21,0.3033769736834344,60
5,2011-06-22,0.3865286880562202,60
5,2011-06-23,0.4059033525544855,60
5,2011-06-24,0.39661367776356116,60
5,2011-06-27,0.3646561573614058,60
5,2011-06-28,0.38765332611519554,60
5,2011-06-29,0.31743506102962016,60
5,2011-06-30,0.26698004874262793,60
5,2011-07-05,0.2914502903534917,60
5,2011-07-06,0.37047968190147884,60
5,2011-07-07,0.3098779748411289,60
5,2011-07-08,0.32786076966539923,60
5,2011-07-11,0.31180453397572805,60
5,2011-07-12,0.2483701500617741,60
5,2011-07-13,0.3735779005608464,60
5,2011-07-14,0.28365462571163036,60
5,2011-07-15,0.327480784440187,60
5,2011-07-18,0.2498462756262967,60
5,2011-07-20,0.2575637575200993,60
5,2011-07-21,0.256400341275981,60
5,2011-07-26,0.25507086753277264,60
5,2013-02-11,0.24926510198330654,60
5,2013-02-12,0.25340511728277804,60
5,2013-02-13,0.2860152466852579,60
5,2013-02-14,0.25274565491388046,60
5,2013-02-15,0.25225858228021103,60
5,2013-02-19,0.2776575443776572,60
5,2013-02-20,0.24929267702152735,60
5,2013-02-21,0.2531951097264322,60
5,2013-02-22,0.25786380698156286,60
5,2013-02-26,0.24739787151206727,60
5,2013-02-27,0.25354565032908916,60
5,2013-02-28,0.2599705736588973,60
5,2013-03-01,0.2853557372094109,60
5,2013-03-04,0.27427383885173917,60
5,2013-03-05,0.2707388555697552,60
5,2013-03-06,0.2539457378825478,60
5,2013-03-07,0.26505681818977855,60
5,2013-03-08,0.2606943070285759,60
5,2013-03-11,0.2926236859684952,60
5,2013-03-12,0.2752901563536003,60
5,2013-03-13,0.28398997083567323,60
5,2013-03-14,0.28633163445738496,60
5,2013-03-15,0.24533566641486182,60
5,2013-05-30,0.25972603490139434,60
5,2013-05-31,0.2596690461806501,60
5,2013-06-03,0.3182083893524821,60
5,2013-06-04,0.3161908328502818,60
5,2013-06-05,0.37898529239695833,60
5,2013-06-06,0.4178358933802908,60
5,2013-06-07,0.4129950436209864,60
5,2013-06-10,0.4435869481365078,60
5,2013-06-11,0.44004072341937395,60
5,2013-06-12,0.44427787579959244,60
5,2013-06-13,0.4997086557272752,60
5,2013-06-14,0.46586068460119456,60
5,2013-06-17,0.47431370853997024,60
5,2013-06-18,0.49677977979374965,60
5,2013-06-19,0.48587004012442137,60
5,2013-06-20,0.5006561051122613,60
5,2013-06-21,0.45598058252142337,60
5,2013-06-24,0.533912220008574,60
5,2013-06-25,0.5344471007955658,60
5,2013-06-26,0.50832666800971,60
5,2013-06-27,0.5147055008544505,60
5,2013-06-28,0.49242536932710834,60
5,2013-07-01,0.5087340096352477,60
5,2013-07-02,0.3902801493976078,60
5,2013-07-03,0.37648031589901976,60
5,2013-07-05,0.45013366952421663,60
5,2013-07-08,0.500340711719339,60
5,2013-07-09,0.48572839380141986,60
5,2013-07-10,0.4272966295476195,60
5,2013-07-11,0.4653399383960739,60
5,2013-07-12,0.4572875251722692,60
5,2013-07-15,0.45846474637256307,60
5,2013-07-16,0.4256521471277175,60
5,2013-07-17,0.38948647762763144,60
5,2013-07-18,0.40488640719730995,60
5,2013-07-19,0.384917070957556,60
5,2013-07-22,0.34624971542181626,60
5,2013-07-23,0.3714693857076874,60
5,2013-07-24,0.3695374557527771,60
5,2013-07-25,0.3833784980228323,60
5,2013-07-26,0.33821017919707685,60
5,2013-07-29,0.3145765260218063,60
5,2013-07-30,0.26400427707107355,60
5,2013-07-31,0.2851477202107482,60
5,2013-08-01,0.2780333916115474,60
5,2013-08-02,0.24865955034333354,60
5,2013-08-05,0.24700924673433633,60
5,2013-08-16,0.2630568714884234,60
5,2013-08-20,0.2719759750984565,60
5,2014-03-04,0.24750936321105144,60
5,2014-03-05,0.294782006272456,60
5,2014-03-06,0.2710276016652724,60
5,2014-03-07,0.2780174859133844,60
5,2014-03-10,0.2848740008755115,60
5,2014-03-11,0.29502410255385136,60
5,2014-03-12,0.26359507578951025,60
5,2014-03-13,0.2549419026174693,60
5,2014-03-14,0.29085841814402613,60
5,2014-03-17,0.2922209525343735,60
5,2014-03-18,0.27174581183305513,60
5,2014-03-19,0.32677714357694576,60
5,2014-03-20,0.2486137995903306,60
5,2014-03-21,0.2559864818699733,60
5,2014-03-24,0.27822514618047833,60
5,2014-03-25,0.2655539685877013,60
5,2014-03-31,0.25361859891244976,60
5,2014-04-02,0.2599591940053454,60
5,2014-04-03,0.2568934233004114,60
5,2015-01-21,0.2597001324665662,60
5,2015-01-22,0.2621357083344442,60
5,2015-01-23,0.24724466734001282,60
5,2015-02-10,0.2498001764768727,60
5,2015-02-23,0.24344532921875306,60
5,2015-02-24,0.2553857054949571,60
5,2015-02-25,0.26012771154474557,60
5,2015-02-26,0.25336268264786277,60
5,2015-02-27,0.33351608291694923,60
5,2015-03-02,0.29959560118745543,60
5,2015-03-03,0.3147371419092533,60
5,2015-03-04,0.24592216733273187,60
5,2015-04-03,0.25297922279147533,60
5,2015-07-02,0.2488330475509306,60
5,2015-07-06,0.2546551983872254,60
5,2016-03-02,0.27009799463155204,60
5,2016-03-04,0.2572736918944294,60
5,2016-03-07,0.24478670487771126,60
5,2016-03-08,0.2588666557326036,60
5,2016-03-09,0.28475906040618426,60
5,2016-03-10,0.30686231596414615,60
5,2016-03-11,0.3232617639146902,60
5,2016-03-14,0.35369477054513965,60
5,2016-03-15,0.2939766901504477,60
5,2016-03-16,0.32905419776681555,60
5,2016-03-17,0.3475389551417223,60
5,2016-03-18,0.31853820233133945,60
5,2016-03-21,0.2816155570152219,60
5,2016-03-23,0.26937646867564524,60
5,2016-03-24,0.2715265539561251,60
5,2017-03-10,0.26529963761734265,60
5,2017-03-20,0.2551593363493776,60
5,2017-03-21,0.244170823216745,60
5,2018-06-27,0.24342065019056314,60
5,2018-07-06,0.24796146745531722,60
5,2018-07-09,0.24528993995879844,60
5,2018-07-10,0.24426620458073245,60
5,2018-07-12,0.25134685015352787,60
5,2018-07-13,0.26346363396700667,60
5,2018-07-16,0.25413135650653906,60
5,2018-07-17,0.2602069857461,60
5,2018-07-18,0.2666146799427871,60
5,2018-07-19,0.27214247815857817,60
5,2018-07-20,0.2761691133685851,60
5,2018-07-23,0.25683303946329517,60
5,2018-07-24,0.2546625843102852,60
5,2018-07-26,0.24572858958526922,60
5,2019-02-22,0.25615696584802095,60
5,2019-02-28,0.24404652300162155,60
5,2019-03-01,0.2558684409922716,60
5,2019-03-04,0.25740489201120376,60
5,2019-03-05,0.2774918670360371,60
5,2019-03-06,0.2772368846688895,60
5,2019-03-07,0.2724352659156928,60
5,2019-03-12,0.26616842447139355,60
5,2020-01-31,0.24294404502189693,60
5,2020-02-05,0.25678130035296576,60
5,2020-02-06,0.24356601672714717,60
5,2020-02-07,0.249145183070695,60
5,2020-02-11,0.24394200013148648,60
5,2020-02-12,0.2598341370692019,60
5,2020-02-13,0.2567578563741364,60
5,2020-02-14,0.24753829773767677,60
5,2020-02-18,0.2531734223696347,60
5,2020-02-19,0.2548083831988386,60
5,2020-02-20,0.2432422494098585,60
5,2020-02-21,0.2499281883134863,60
5,2020-02-24,0.2795381931717973,60
5,2020-02-25,0.28555740638880245,60
5,2020-02-26,0.2861984425888888,60
5,2020-02-27,0.30059033225138165,60
5,2020-03-06,0.2695881008540546,60
5,2020-03-16,0.25517701546636573,60
5,2020-06-08,0.24866202807875482,60
5,2021-01-27,0.24668549790692573,60
5,2021-01-28,0.25332109362593336,60
5,2021-01-29,0.2790445876195129,60
5,2021-02-01,0.2701427032894017,60
5,2021-02-02,0.30564831311315643,60
5,2021-02-03,0.276812361825268,60
5,2021-02-05,0.25631922471558255,60
5,2021-02-08,0.271354662041162,60
5,2021-02-09,0.28349017409716026,60
5,2021-02-10,0.3084737889683673,60
5,2021-02-11,0.27245987581336806,60
5,2021-02-12,0.27748903193573327,60
5,2021-02-16,0.2628062688205812,60
5,2021-02-22,0.31081794866154056,60
5,2021-02-23,0.3356051410704879,60
5,2021-02-24,0.3901979158494875,60
5,2021-02-25,0.34409218714444734,60
5,2021-02-26,0.31211081672270335,60
5,2021-03-01,0.3077844589342753,60
5,2021-03-02,0.3287376429060114,60
5,2021-03-03,0.3408388624277503,60
5,2021-03-04,0.35236319178577524,60
5,2021-03-05,0.3033700743563612,60
5,2021-03-08,0.3280106434565191,60
5,2021-03-09,0.3068165074540117,60
5,2021-03-10,0.27542744504516037,60
5,2021-03-11,0.27767171145439296,60
5,2021-03-12,0.2521492197363022,60
5,2021-03-15,0.2456044431502864,60
5,2021-04-08,0.2459494926242053,60
5,2021-07-02,0.2518826603885951,60
5,2022-04-29,0.2581180816192763,60
5,2022-05-02,0.24674406096055534,60
5,2022-05-13,0.3373015377611619,60
5,2022-05-16,0.28875886924514127,60
5,2022-05-20,0.24766479364716787,60
5,2022-05-23,0.26440288946039026,60
5,2022-05-24,0.3586769368073188,60
5,2022-05-26,0.28275960225343333,60
5,2022-05-27,0.3303910376955361,60
5,2022-05-31,0.34381331984904406,60
5,2022-06-02,0.40418413214797155,60
5,2022-06-03,0.31170120316022576,60
5,2022-06-06,0.371036433711172,60
5,2022-06-07,0.3684560458188457,60
5,2022-06-08,0.3481709236865882,60
5,2022-06-09,0.3795457127011588,60
5,2022-06-10,0.41767639159754566,60
5,2022-06-13,0.38610314330163575,60
5,2022-06-14,0.3251288846560456,60
5,2022-06-16,0.30238273020410844,60
5,2022-06-17,0.35950859569159377,60
5,2022-06-21,0.42887554032100894,60
5,2022-06-22,0.3308710826571293,60
5,2022-06-23,0.4406161236117896,60
5,2022-06-24,0.35236763769009016,60
5,2022-06-27,0.4164183105750041,60
5,2022-06-28,0.46825837340132637,60
5,2022-06-29,0.438608332758772,60
5,2022-06-30,0.39267956506046886,60
5,2022-07-01,0.3536805457688601,60
5,2022-07-05,0.3820168803364936,60
5,2022-07-06,0.3483402825827575,60
5,2022-07-07,0.29797522786771324,60
5,2022-07-08,0.2629102019352523,60
5,2022-07-11,0.3200086628826533,60
5,2022-07-12,0.271040326249512,60
5,2022-07-13,0.2720550669563373,60
5,2022-07-20,0.2773992083760639,60
5,2022-07-21,0.2682402720611492,60
5,2022-07-26,0.2739147189503335,60
5,2022-08-25,0.25622194759622374,60
5,2023-02-03,0.2700183384530064,60
5,2023-02-06,0.2645726409680549,60
5,2023-02-07,0.26533810463858387,60
5,2023-02-08,0.2674528756674981,60
5,2023-02-09,0.24715480420201175,60
5,2023-02-28,0.36928544011038866,60
5,2023-03-06,0.2623056950764955,60
5,2023-03-09,0.27800516925724494,60
5,2023-05-23,0.24888336425776814,60
5,2023-06-01,0.2521186827892201,60
5,2023-06-02,0.248164424950307,60
5,2023-06-29,0.2485101337016431,60
5,2024-02-23,0.2576245839550637,60
5,2024-02-26,0.24474399289620052,60
5,2024-02-28,0.24967271518935163,60
5,2024-02-29,0.2694402217059739,60
5,2024-03-04,0.24948668979411082,60
10,2010-03-31,0.21765825112399995,60
10,2010-05-24,0.22197687143825284,60
10,2010-05-25,0.35567335022853186,60
10,2010-05-26,0.3116695864749204,60
10,2010-05-27,0.3171585822008609,60
10,2010-05-28,0.2900714104617066,60
10,2010-06-01,0.2513279708634677,60
10,2010-06-02,0.271080460584475,60
10,2010-06-03,0.2443746739275383,60
10,2010-06-04,0.3176412871333696,60
10,2010-06-07,0.27204780021498465,60
10,2010-06-08,0.34113028437328907,60
10,2010-06-09,0.2938382978762526,60
10,2010-06-10,0.2586684045043519,60
10,2010-06-11,0.27805093512026957,60
10,2010-06-14,0.2502196760157993,60
10,2010-06-15,0.2531648640676778,60
10,2010-06-17,0.2581116981927103,60
10,2010-06-18,0.30286654264622115,60
10,2010-06-21,0.31106092274316666,60
10,2010-06-22,0.2817790647988012,60
10,2010-06-23,0.35890782313004266,60
10,2010-06-24,0.34425664732621897,60
10,2010-06-25,0.2822473245668675,60
10,2010-06-28,0.33382751568674607,60
10,2010-06-29,0.3329018364613212,60
10,2010-06-30,0.3691140654484073,60
10,2010-07-01,0.417238007694376,60
10,2010-07-02,0.3832004748999225,60
10,2010-07-06,0.3357675966004052,60
10,2010-07-07,0.32701919097840104,60
10,2010-07-08,0.2988755146719271,60
10,2010-07-09,0.2877753010313029,60
10,2010-07-12,0.3297171940591639,60
10,2010-07-13,0.3309019576596164,60
10,2010-07-14,0.29248360453896893,60
10,2010-07-15,0.30575902586689807,60
10,2010-07-16,0.26568024197570494,60
10,2010-07-19,0.29375775735529075,60
10,2010-07-20,0.3048354816993175,60
10,2010-07-21,0.31869244829274734,60
10,2010-07-22,0.2353851594486116,60
10,2010-07-23,0.23272125881875283,60
10,2010-07-26,0.27826343567657474,60
10,2010-07-27,0.2578005163976371,60
10,2010-07-28,0.2169161442711811,60
10,2010-07-30,0.23031152189678394,60
10,2010-08-11,0.23831136285745913,60
10,2010-08-12,0.31743767904693954,60
10,2010-08-13,0.2254731059003383,60
10,2010-08-16,0.2879538808494182,60
10,2010-09-09,0.29229920574521273,60
10,2010-09-13,0.22358028325834667,60
10,2010-09-15,0.22359920131734867,60
10,2010-09-16,0.2549240502388983,60
10,2010-09-17,0.2847386535811758,60
10,2010-09-20,0.29204939996049006,60
10,2010-09-21,0.24577044624281186,60
10,2010-09-22,0.288202649797789,60
10,2010-09-23,0.26023452479588016,60
10,2010-09-24,0.268345588821866,60
10,2010-09-27,0.2669009977822654,60
10,2010-09-28,0.21559511266096365,60
10,2010-11-10,0.26866586909519796,60
10,2010-12-31,0.21634403558323712,60
10,2011-01-03,0.25472775724836794,60
10,2011-01-04,0.31853735779848336,60
10,2011-01-05,0.32053318882407567,60
10,2011-01-06,0.3009594684783039,60
10,2011-01-07,0.3023129912746967,60
10,2011-01-10,0.2571794351106469,60
10,2011-01-11,0.2920792427952499,60
10,2011-01-12,0.22287508665149147,60
10,2011-01-13,0.2372741694783862,60
10,2011-01-14,0.27002145239333686,60
10,2011-01-21,0.21394627046067427,60
10,2011-02-03,0.2515679098695749,60
10,2011-02-04,0.28489480124889965,60
10,2011-02-07,0.27111982839119264,60
10,2011-02-08,0.25211864404721496,60
10,2011-02-09,0.2607290507871838,60
10,2011-02-10,0.23694501519474187,60
10,2011-02-11,0.2366619392967948,60
10,2011-02-14,0.2271074090460452,60
10,2011-02-17,0.2643156763052854,60
10,2011-02-23,0.26640320518944627,60
10,2011-02-25,0.2270813823593496,60
10,2011-03-24,0.24853764286588564,60
10,2011-04-26,0.23976535382819364,60
10,2011-06-02,0.22446372223443056,60
10,2011-06-07,0.32766092997497687,60
10,2011-06-08,0.3437182808906716,60
10,2011-06-09,0.2120552836053129,60
10,2011-06-15,0.30165474840082496,60
10,2011-06-16,0.3696965132904815,60
10,2011-06-17,0.3570205216530571,60
10,2011-06-20,0.5249062650723619,60
10,2011-06-21,0.3299691159851541,60
10,2011-06-22,0.35194661665808447,60
10,2011-06-23,0.3457547900180469,60
10,2011-06-24,0.3020682080577828,60
10,2011-06-27,0.26185688602187085,60
10,2011-06-28,0.25423429698397726,60
10,2011-06-29,0.26388481249661666,60
10,2011-07-06,0.21752642759154384,60
10,2011-07-08,0.25177396015966735,60
10,2011-07-12,0.22804400230913657,60
10,2011-07-13,0.2292532715281972,60
10,2011-07-14,0.26578783015477114,60
10,2011-07-15,0.3162407220900221,60
10,2011-07-18,0.2203728101507103,60
10,2011-07-19,0.27976865036372445,60
10,2011-07-20,0.2930368519706086,60
10,2011-07-21,0.31531920771414335,60
10,2011-07-22,0.26154786221103166,60
10,2011-09-22,0.251585839054421,60
10,2011-09-23,0.2945608800514954,60
10,2011-09-26,0.32448664705216146,60
10,2011-09-27,0.3306822627233359,60
10,2011-09-28,0.34827780621334625,60
10,2011-09-29,0.3044145868289796,60
10,2011-09-30,0.31882871046962435,60
10,2011-10-03,0.2599906031006327,60
10,2011-10-04,0.31001831134673097,60
10,2011-10-05,0.2159627823977317,60
10,2011-10-06,0.22278300530383532,60
10,2011-10-25,0.22648491904315904,60
10,2011-10-26,0.21898798825037602,60
10,2011-12-20,0.2576093581286507,60
10,2011-12-21,0.2675821490742969,60
10,2011-12-22,0.2662079438265934,60
10,2011-12-23,0.24949017477766944,60
10,2011-12-27,0.2965304963743911,60
10,2011-12-28,0.23547514350263654,60
10,2012-01-03,0.2557733416924677,60
10,2012-01-04,0.24813947586621055,60
10,2012-01-05,0.2268349473644946,60
10,2013-02-13,0.21959860446141022,60
10,2013-02-20,0.21228348559150945,60
10,2013-02-21,0.2198648537529877,60
10,2013-02-22,0.24793946388583166,60
10,2013-02-27,0.24390575219912236,60
10,2013-02-28,0.24307864988967154,60
10,2013-03-01,0.2432911738743755,60
10,2013-03-04,0.2273293511041814,60
10,2013-03-05,0.2550752715770521,60
10,2013-03-06,0.2298776513882288,60
10,2013-03-07,0.2668006387035078,60
10,2013-03-08,0.2730579150052783,60
10,2013-03-11,0.25300335481215264,60
10,2013-03-14,0.22355822985890228,60
10,2013-06-04,0.21417332254158516,60
10,2013-06-07,0.21742671363663213,60
10,2013-06-10,0.27444884417970883,60
10,2013-06-11,0.31831412133561265,60
10,2013-06-12,0.3738278942776816,60
10,2013-06-13,0.3526891308498481,60
10,2013-06-14,0.36697063571204325,60
10,2013-06-17,0.3813831793957725,60
10,2013-06-18,0.3637939981311682,60
10,2013-06-19,0.3356526390922987,60
10,2013-06-20,0.29784479990746604,60
10,2013-06-21,0.30315015853006955,60
10,2013-06-24,0.35006484711397334,60
10,2013-06-25,0.39361047855272346,60
10,2013-06-26,0.38882054690984447,60
10,2013-06-27,0.38912131803422056,60
10,2013-06-28,0.3351721516625652,60
10,2013-07-01,0.3278158796301973,60
10,2013-07-02,0.35458614579323466,60
10,2013-07-03,0.22163175137986357,60
10,2013-07-08,0.27143685770914416,60
10,2013-07-09,0.24584327583720977,60
10,2013-07-10,0.2821724789245508,60
10,2013-07-12,0.24627417803110063,60
10,2013-07-15,0.2738039250588251,60
10,2013-07-16,0.24540740862377675,60
10,2013-07-17,0.28351609927793575,60
10,2013-07-18,0.21184994853240724,60
10,2013-07-19,0.26027113215710074,60
10,2013-07-22,0.24751828529423392,60
10,2013-07-23,0.2215101068337617,60
10,2013-07-24,0.22558287830924328,60
10,2013-07-25,0.2107966076747978,60
10,2013-09-10,0.2135431679871651,60
10,2013-09-11,0.23997092047593327,60
10,2013-09-12,0.22271987014661931,60
10,2013-09-16,0.2135457805285661,60
10,2013-09-23,0.2229547003292609,60
10,2014-07-24,0.21448347196110973,60
10,2015-01-29,0.21754391722150856,60
10,2015-02-02,0.21223962467150415,60
10,2015-03-04,0.21185808612955626,60
10,2015-03-26,0.236816875049918,60
10,2017-02-10,0.22431965146896715,60
10,2017-02-14,0.22402336730275607,60
10,2017-02-15,0.22486936474730612,60
10,2018-02-02,0.21320011414234585,60
10,2018-02-12,0.22105128329700818,60
10,2018-02-13,0.22103577602760893,60
10,2018-02-14,0.24732808922678728,60
10,2018-02-15,0.22189204286060615,60
10,2018-02-16,0.23305728028884332,60
10,2018-02-20,0.24379963077026545,60
10,2018-02-21,0.2520995733109963,60
10,2018-02-22,0.24274238520627378,60
10,2018-02-23,0.25954083012598517,60
10,2018-02-26,0.2669488671585363,60
10,2018-02-27,0.25900706196102874,60
10,2018-02-28,0.26322726706373345,60
10,2018-03-01,0.26068530330003625,60
10,2018-03-02,0.2754219621606815,60
10,2018-03-05,0.26411280257059033,60
10,2018-03-06,0.2481418389399117,60
10,2018-03-07,0.21896591100230722,60
10,2018-03-08,0.21217237552258794,60
10,2018-03-09,0.21129085096615796,60
10,2020-03-11,0.2188451390082733,60
10,2020-03-19,0.25326918277801624,60
10,2020-03-27,0.30291336788871703,60
10,2020-06-08,0.2726545876129798,60
10,2020-06-18,0.24391089168396007,60
10,2020-06-23,0.22510026218206391,60
10,2021-01-28,0.21235883667924682,60
10,2021-01-29,0.2628360454211389,60
10,2021-02-01,0.22701493589601185,60
10,2021-02-02,0.2453821967369052,60
10,2021-02-03,0.22550212155240246,60
10,2021-02-04,0.21823725209720735,60
10,2021-02-05,0.23480419824691268,60
10,2021-02-08,0.2480665005387337,60
10,2021-02-09,0.25208431441929235,60
10,2021-02-10,0.27194718450007116,60
10,2021-02-11,0.2609942443379367,60
10,2021-02-12,0.3188209359721661,60
10,2021-02-16,0.3109832667488348,60
10,2021-02-17,0.310140135276896,60
10,2021-02-18,0.28946579918272874,60
10,2021-02-19,0.33745189755026317,60
10,2021-02-22,0.34829962885644505,60
10,2021-02-23,0.36036213765029856,60
10,2021-02-24,0.4097332146953967,60
10,2021-02-25,0.4847509312452267,60
10,2021-02-26,0.45976490977295015,60
10,2021-03-01,0.4286964948676193,60
10,2021-03-02,0.43126677343152764,60
10,2021-03-03,0.43254707972398876,60
10,2021-03-04,0.4438472205050594,60
10,2021-03-05,0.41347146647074773,60
10,2021-03-08,0.440622194144904,60
10,2021-03-09,0.41604982213579866,60
10,2021-03-10,0.38934183691123003,60
10,2021-03-11,0.40304715238947963,60
10,2021-03-12,0.3720415157012873,60
10,2021-03-15,0.4024310799256199,60
10,2021-03-16,0.4123051018423869,60
10,2021-03-17,0.4023800203046086,60
10,2021-03-18,0.4146744426479785,60
10,2021-03-19,0.41449484415264237,60
10,2021-03-22,0.4323030960351488,60
10,2021-03-23,0.4011330755845748,60
10,2021-03-24,0.36560936514062625,60
10,2021-03-25,0.38105712155349103,60
10,2021-03-26,0.36261838368696964,60
10,2021-03-29,0.37708055666089635,60
10,2021-03-30,0.374599778477684,60
10,2021-03-31,0.3707300921976042,60
10,2021-04-01,0.35492967588620417,60
10,2021-04-02,0.3416230878272586,60
10,2021-04-05,0.3602858914268179,60
10,2021-04-06,0.4131294684541027,60
10,2021-04-07,0.4330244057115431,60
10,2021-04-08,0.3569584108549968,60
10,2021-04-09,0.3111485383036072,60
10,2021-04-12,0.3113006188310736,60
10,2021-04-13,0.3079564609137133,60
10,2021-04-14,0.2849715369773378,60
10,2021-04-15,0.25874227058308996,60
10,2021-04-16,0.25849347739178175,60
10,2021-04-19,0.237345704117375,60
10,2021-07-28,0.23941469712192642,60
10,2021-08-04,0.22659354112145902,60
10,2021-08-06,0.24428605194193231,60
10,2021-08-09,0.21388125962599602,60
10,2022-03-01,0.2179409050780574,60
10,2022-05-03,0.22245684439607416,60
10,2022-05-05,0.22943868613693397,60
10,2022-05-06,0.21558010957907925,60
10,2022-05-09,0.2282694444706692,60
10,2022-05-12,0.23762953295477018,60
10,2022-05-16,0.2882938191797919,60
10,2022-05-17,0.3322986498010003,60
10,2022-05-18,0.32942291463933415,60
10,2022-05-19,0.22693455671114648,60
10,2022-05-20,0.24274370978620396,60
10,2022-05-23,0.22719210842222637,60
10,2022-05-24,0.2662267204731954,60
10,2022-05-26,0.23870164655848214,60
10,2022-05-27,0.3160141199299531,60
10,2022-06-03,0.2531677661065146,60
10,2022-06-08,0.40687580581526106,60
10,2022-06-09,0.30032947031477875,60
10,2022-06-10,0.3316378447760364,60
10,2022-06-14,0.2182252942903915,60
10,2022-06-15,0.22524268513908652,60
10,2022-06-16,0.22889481535163725,60
10,2022-06-17,0.26075357446382696,60
10,2022-06-21,0.28043967752504173,60
10,2022-06-22,0.2735325471870169,60
10,2022-06-23,0.31251023140862344,60
10,2022-06-24,0.29232232760082866,60
10,2022-06-29,0.3921463807772234,60
10,2022-07-01,0.2521739244379191,60
10,2022-07-15,0.21587587212653148,60
10,2022-07-25,0.27065351128630155,60
10,2022-07-26,0.3007253277268447,60
10,2022-07-27,0.4925890992930242,60
10,2022-07-28,0.41943798735163185,60
10,2022-07-29,0.28108733300298994,60
10,2022-08-02,0.2152698673221991,60
10,2022-09-23,0.2741737366817425,60
10,2022-10-21,0.2880513577924546,60
10,2022-10-24,0.2758008820687259,60
10,2022-11-01,0.2183002358657724,60
10,2022-11-30,0.2635975657049343,60
10,2023-02-15,0.32384840449032737,60
10,2023-02-21,0.213795642022653,60
10,2023-02-22,0.40087902948412335,60
10,2023-02-23,0.3597684307119131,60
10,2023-02-24,0.3347888106720198,60
10,2023-02-27,0.3651990314683289,60
10,2023-02-28,0.5398425927789496,60
10,2023-03-01,0.4016499096938233,60
10,2023-03-02,0.37931477933299007,60
10,2023-03-03,0.3670150500555387,60
10,2023-03-06,0.24530987028085605,60
10,2023-03-07,0.30807064389145467,60
10,2023-03-08,0.2807881235424823,60
10,2023-03-09,0.3535276195356687,60
10,2023-03-10,0.29609441915630796,60
10,2023-03-13,0.3376017658742754,60
10,2023-03-14,0.31420942491499915,60
10,2023-03-15,0.26134095434168003,60
10,2023-03-16,0.2251613975680833,60
10,2023-03-17,0.2992863437604889,60
10,2023-03-20,0.21446828261650808,60
10,2023-03-22,0.29334204992985136,60
10,2023-03-23,0.2205481984022235,60
10,2023-03-24,0.22826941706174253,60
10,2023-05-11,0.23303679070582106,60
10,2023-05-23,0.23926683902027435,60
10,2023-06-02,0.2439478388894507,60
10,2023-06-15,0.2583378379411947,60
10,2023-06-20,0.23862422106572367,60
10,2023-06-22,0.22928537056402476,60
10,2023-10-03,0.2282715083282305,60
10,2023-10-04,0.2342926678467272,60
10,2023-10-05,0.25278394710892726,60
10,2023-10-10,0.2390189230467854,60
10,2023-10-12,0.27071371789873666,60
10,2023-10-13,0.29238003312437044,60
10,2023-10-16,0.27325728601105936,60
10,2023-10-17,0.271956072555291,60
10,2023-10-18,0.21631361011734995,60
10,2023-10-19,0.2116729268439883,60
10,2023-10-23,0.2426312015406218,60
10,2023-10-24,0.26297293603894545,60
10,2023-10-27,0.22310700547327045,60
10,2023-10-30,0.24508695495069688,60
10,2023-10-31,0.2610869717940574,60
10,2023-11-02,0.2332536241250338,60
10,2023-11-08,0.23914051778728407,60
10,2023-11-09,0.25276444638296525,60
10,2023-11-10,0.24781562467172336,60
10,2023-11-13,0.22052446571311535,60
10,2024-10-29,0.2442852606718091,60
10,2024-12-18,0.22455290038521625,60
10,2024-12-19,0.2296238864062765,60
10,2024-12-24,0.217585973297318,60
10,2024-12-26,0.22990150886829497,60
20,2010-03-31,0.22506661800010974,60
20,2010-04-08,0.2071389488904245,60
20,2010-04-19,0.2118909864658285,60
20,2010-04-20,0.19750518087794688,60
20,2010-04-22,0.2176853166213668,60
20,2010-04-27,0.20067119390654398,60
20,2010-05-25,0.2139296081134674,60
20,2010-05-26,0.21998660577682472,60
20,2010-05-28,0.2227891157686379,60
20,2010-06-30,0.23779395099735723,60
20,2010-07-01,0.3530007990822206,60
20,2010-07-02,0.291346592684409,60
20,2010-07-06,0.2888381264940527,60
20,2010-07-07,0.281961471100562,60
20,2010-07-08,0.24369791246362738,60
20,2010-07-09,0.2580175471731039,60
20,2010-07-12,0.23685128999983718,60
20,2010-07-13,0.23019711934550457,60
20,2010-07-14,0.26413021019426,60
20,2010-07-15,0.28111892938775895,60
20,2010-07-16,0.22157983002494674,60
20,2010-07-19,0.2268209663322338,60
20,2010-07-20,0.22027567625504574,60
20,2010-07-21,0.22015640692703542,60
20,2010-07-22,0.24832798705761405,60
20,2010-07-23,0.24354369458501424,60
20,2010-09-27,0.19919575103237008,60
20,2010-10-08,0.21579783339002034,60
20,2010-10-12,0.1949311671771703,60
20,2010-10-13,0.22429617560223036,60
20,2010-10-14,0.24970423524343133,60
20,2010-10-15,0.31969734757397816,60
20,2010-10-18,0.3073004187964905,60
20,2010-10-19,0.33269281236999504,60
20,2010-10-20,0.311018221350448,60
20,2010-10-21,0.2815084572504247,60
20,2010-10-22,0.23354906196423286,60
20,2010-10-26,0.2706360675871835,60
20,2010-10-27,0.21642031065135114,60
20,2010-10-28,0.22182997727160014,60
20,2010-10-29,0.25348050535608735,60
20,2010-11-01,0.2822159540391347,60
20,2010-11-02,0.25864163395176476,60
20,2010-11-03,0.3574623049785366,60
20,2010-11-04,0.33064312012602315,60
20,2010-11-05,0.3485901419016564,60
20,2010-11-08,0.3554590998696696,60
20,2010-11-09,0.3576554030621004,60
20,2010-11-10,0.5109597551086154,60
20,2010-11-12,0.5143783962027939,60
20,2010-11-15,0.5072086962110909,60
20,2010-11-16,0.36046963689262057,60
20,2010-11-17,0.4404490908685261,60
20,2010-11-18,0.36172340394454494,60
20,2010-11-19,0.29010801838573386,60
20,2010-11-22,0.29317750048432956,60
20,2010-11-23,0.25321062201632927,60
20,2010-11-24,0.2259328562893188,60
20,2010-12-29,0.2081533111798528,60
20,2011-02-01,0.21911270304001818,60
20,2011-02-02,0.1981813881983463,60
20,2011-02-03,0.2101718333202811,60
20,2011-02-04,0.21173689569105747,60
20,2011-02-07,0.23584947674815027,60
20,2011-02-08,0.31494953652233093,60
20,2011-02-09,0.32009433030992085,60
20,2011-02-10,0.24846402141739432,60
20,2011-04-20,0.19693561894599654,60
20,2011-05-16,0.19737153820993925,60
20,2011-06-10,0.23838676535481618,60
20,2011-06-13,0.2337849201274107,60
20,2011-06-14,0.29409192371972814,60
20,2011-06-17,0.23289273308983205,60
20,2011-06-20,0.22949331558607966,60
20,2011-06-21,0.23716700049943995,60
20,2011-06-22,0.21381216905868783,60
20,2011-08-17,0.23674321843902746,60
20,2011-08-25,0.20588569146869062,60
20,2011-08-29,0.23180554759616534,60
20,2011-08-30,0.21748308729878119,60
20,2011-08-31,0.24151161657015763,60
20,2011-09-06,0.20158431435006285,60
20,2011-09-21,0.25324454697839194,60
20,2011-09-22,0.2264288967111696,60
20,2011-09-23,0.2649273242633452,60
20,2011-09-26,0.30403235790658556,60
20,2011-09-27,0.3483294122976748,60
20,2011-09-28,0.35143181497151055,60
20,2011-09-29,0.41766728893895966,60
20,2011-09-30,0.4060963322785405,60
20,2011-10-03,0.3378958310039657,60
20,2011-10-04,0.422260667518529,60
20,2011-10-05,0.4224380580496785,60
20,2011-10-06,0.406659481230502,60
20,2011-10-07,0.3951302987195504,60
20,2011-10-11,0.35072313592039706,60
20,2011-10-12,0.30260504110247055,60
20,2011-10-13,0.30347410706991695,60
20,2011-10-14,0.2778743659524281,60
20,2011-10-17,0.1949389630965257,60
20,2011-10-25,0.23688941201038816,60
20,2011-10-26,0.279406776645029,60
20,2011-10-28,0.2328132171362327,60
20,2011-12-08,0.19968176531892468,60
20,2011-12-19,0.2528623654867168,60
20,2011-12-20,0.31885949474493813,60
20,2011-12-21,0.4001639388289462,60
20,2011-12-22,0.38535733395158545,60
20,2011-12-23,0.4213126414366677,60
20,2011-12-27,0.3752345169703766,60
20,2011-12-28,0.39633496465855345,60
20,2011-12-29,0.37637922851722294,60
20,2011-12-30,0.32806880511297365,60
20,2012-01-03,0.3652313822974911,60
20,2012-01-04,0.36850345620090863,60
20,2012-01-05,0.39959236493891837,60
20,2012-01-06,0.3549810343975004,60
20,2012-01-09,0.33593301844507195,60
20,2012-01-10,0.29748453064803826,60
20,2012-01-11,0.276496043445821,60
20,2012-02-07,0.1995191533031857,60
20,2012-03-05,0.20669521549842784,60
20,2012-03-06,0.2109490138669763,60
20,2012-03-07,0.215261060165453,60
20,2012-09-14,0.29495415504639766,60
20,2012-12-13,0.26003445556103344,60
20,2013-06-06,0.21870315349848113,60
20,2013-06-07,0.21574143673471724,60
20,2013-06-10,0.21956939563450106,60
20,2013-06-11,0.2913201474990288,60
20,2013-06-12,0.3282837659090987,60
20,2013-06-13,0.33781645525950665,60
20,2013-06-14,0.3431490629246525,60
20,2013-06-17,0.375927490894842,60
20,2013-06-18,0.3254381060089351,60
20,2013-06-19,0.34122515643797513,60
20,2013-06-20,0.32646612700855826,60
20,2013-06-21,0.28520837905902496,60
20,2013-06-24,0.29749898076321557,60
20,2013-06-25,0.23686252223690474,60
20,2013-06-26,0.24665899571767014,60
20,2013-06-27,0.275331374761393,60
20,2013-06-28,0.2652646851253735,60
20,2013-07-01,0.2887377372887663,60
20,2013-07-02,0.23605237734924955,60
20,2013-07-05,0.3263867842772079,60
20,2013-07-08,0.41718692432231563,60
20,2013-07-09,0.29825118286456487,60
20,2013-07-10,0.2858199561436692,60
20,2013-07-11,0.29261834939283204,60
20,2013-07-12,0.33745037637300257,60
20,2013-07-15,0.2950858669520393,60
20,2013-07-16,0.35823939514430947,60
20,2013-07-17,0.31151556828752547,60
20,2013-07-18,0.19689501349033378,60
20,2013-07-19,0.29692299294829283,60
20,2013-07-22,0.28294955525653975,60
20,2013-07-23,0.2461575759549568,60
20,2013-07-24,0.2816918035116771,60
20,2013-07-25,0.3012951304464835,60
20,2013-07-26,0.23098528765493498,60
20,2013-07-31,0.24847657975830728,60
20,2013-08-20,0.20504646383549385,60
20,2013-10-01,0.27523472320223163,60
20,2013-10-03,0.20557145105896169,60
20,2013-10-04,0.19910576517105127,60
20,2013-10-07,0.20277084178736615,60
20,2013-10-09,0.20861686417287117,60
20,2013-11-27,0.21067456488417946,60
20,2013-12-20,0.22908752399186838,60
20,2013-12-23,0.24881312093905095,60
20,2014-01-02,0.25576698595630987,60
20,2014-01-06,0.2313149968076189,60
20,2014-01-07,0.19808452642736896,60
20,2014-02-06,0.19718847935864403,60
20,2014-12-29,0.213255657376763,60
20,2015-03-04,0.2611023906090608,60
20,2015-03-05,0.2060176716172819,60
20,2015-03-06,0.23347817662329717,60
20,2015-03-09,0.3523273843684862,60
20,2015-03-10,0.3273217506436872,60
20,2015-03-11,0.3023744181827759,60
20,2015-03-12,0.264934798835494,60
20,2015-03-13,0.2484203588133802,60
20,2015-03-16,0.24783158342725642,60
20,2015-03-17,0.2246563302096689,60
20,2015-03-18,0.22612796415747738,60
20,2015-03-20,0.2328833989045549,60
20,2015-03-23,0.2620704111367971,60
20,2015-03-24,0.2813114353539632,60
20,2015-03-25,0.22198065848540338,60
20,2015-04-30,0.26839985906539,60
20,2015-05-01,0.2022206076700961,60
20,2015-05-04,0.21175479850066026,60
20,2015-05-05,0.2857730391457842,60
20,2015-05-06,0.29579429260151713,60
20,2015-05-07,0.28582866185444544,60
20,2015-05-08,0.28195412811689735,60
20,2015-05-11,0.3279845372342969,60
20,2015-05-12,0.3166285463235319,60
20,2015-05-13,0.2193622800476689,60
20,2015-05-14,0.27382935732223146,60
20,2015-05-15,0.25072518277739775,60
20,2015-05-18,0.2654854745339712,60
20,2015-05-19,0.2683522410206578,60
20,2015-05-20,0.2793772087724342,60
20,2015-05-21,0.31038164929749357,60
20,2015-05-22,0.2760484013983131,60
20,2015-05-26,0.22948322476960215,60
20,2015-05-27,0.19597364277246498,60
20,2015-08-06,0.228400094151624,60
20,2015-08-13,0.20624203701050803,60
20,2015-08-14,0.2232657469931283,60
20,2015-08-17,0.21285404688568121,60
20,2015-08-18,0.208418240359741,60
20,2015-12-01,0.23559734500655338,60
20,2015-12-02,0.24127069354447883,60
20,2015-12-03,0.23096789852128197,60
20,2015-12-04,0.2501140909615778,60
20,2015-12-07,0.2225254599706652,60
20,2015-12-08,0.23364199412519682,60
20,2015-12-09,0.2433015622687833,60
20,2015-12-10,0.2191997861532542,60
20,2015-12-11,0.21359490337569298,60
20,2015-12-14,0.2953428359268031,60
20,2015-12-15,0.2489238004848353,60
20,2015-12-16,0.3172529411062577,60
20,2015-12-17,0.3383649659307224,60
20,2015-12-18,0.2514812553780672,60
20,2015-12-21,0.25604388118387433,60
20,2015-12-22,0.3159135191311435,60
20,2015-12-23,0.2679727721608778,60
20,2015-12-24,0.26536201864302456,60
20,2015-12-28,0.331601327044865,60
20,2015-12-29,0.3251624946810594,60
20,2015-12-30,0.2991571102724748,60
20,2015-12-31,0.26814030154421076,60
20,2016-01-04,0.2848083911493724,60
20,2016-01-05,0.2277754765148714,60
20,2016-02-12,0.2012141603885098,60
20,2016-02-16,0.2024727710782841,60
20,2016-02-19,0.2522599621242989,60
20,2016-02-22,0.20897868782765983,60
20,2016-02-23,0.19809259363925946,60
20,2016-02-24,0.19914368911577895,60
20,2016-02-25,0.23183508451130308,60
20,2016-07-15,0.22741159032097613,60
20,2016-07-18,0.20583178666574042,60
20,2016-09-23,0.2089477634418273,60
20,2016-09-30,0.20034946111768903,60
20,2016-10-04,0.196307964598617,60
20,2016-10-05,0.21143934943256681,60
20,2016-10-06,0.2128800695683637,60
20,2016-10-07,0.20410748812245316,60
20,2017-02-14,0.2322920947303686,60
20,2017-02-15,0.2293077541286621,60
20,2017-02-16,0.24368380002237444,60
20,2017-02-17,0.1943136683899951,60
20,2017-02-21,0.22945071905648007,60
20,2017-02-22,0.2572497184506517,60
20,2017-02-23,0.24378254946692124,60
20,2017-02-24,0.28685013431865514,60
20,2017-02-27,0.277497697467318,60
20,2017-02-28,0.24938517682985406,60
20,2017-03-01,0.23248503668353493,60
20,2017-03-02,0.259140987191266,60
20,2017-03-03,0.2438232524990127,60
20,2017-03-06,0.2700158853009569,60
20,2017-03-07,0.2202968753528154,60
20,2017-03-08,0.26173624122379735,60
20,2017-03-09,0.2730943901635783,60
20,2017-03-10,0.27446758394063764,60
20,2017-03-13,0.26027804416562006,60
20,2017-03-14,0.2391557124721615,60
20,2017-03-15,0.2725383884503536,60
20,2017-03-16,0.24253826781609433,60
20,2017-03-17,0.22330604409600596,60
20,2017-03-20,0.25008782805594976,60
20,2017-03-21,0.21876123322669017,60
20,2017-03-22,0.21319755104105909,60
20,2017-03-24,0.21802936338051992,60
20,2017-03-27,0.1975741492504426,60
20,2017-03-28,0.20261604691066637,60
20,2017-03-29,0.24948076395284957,60
20,2017-03-30,0.22273069985083183,60
20,2017-03-31,0.2283042710987644,60
20,2017-04-03,0.21480559492859186,60
20,2017-04-04,0.20955914287683086,60
20,2017-04-05,0.2355359314127874,60
20,2017-04-06,0.24224404114810483,60
20,2017-04-07,0.22957748017197588,60
20,2018-02-22,0.21929922676944713,60
20,2018-03-01,0.23820453101926375,60
20,2018-03-02,0.21707314176615,60
20,2018-03-05,0.23865741074979852,60
20,2018-03-06,0.20593375728298824,60
20,2020-03-13,0.3174053863838431,60
20,2020-03-16,0.20256140315081694,60
20,2020-07-08,0.22268226039875572,60
20,2021-02-19,0.20247466455991514,60
20,2021-02-22,0.2468309539456932,60
20,2021-02-23,0.23087588066103137,60
20,2021-02-24,0.3051039761227834,60
20,2021-02-25,0.35007670919125644,60
20,2021-02-26,0.30568571857910243,60
20,2021-03-01,0.2529939595624633,60
20,2021-03-02,0.20543534009757636,60
20,2021-03-03,0.22609615873758315,60
20,2021-03-04,0.24538149382358299,60
20,2021-03-05,0.24949422490117357,60
20,2021-03-08,0.3107215189678989,60
20,2021-03-09,0.305325613866831,60
20,2021-03-10,0.29544103267272703,60
20,2021-03-11,0.3007555225788714,60
20,2021-03-12,0.26790110343906903,60
20,2021-03-15,0.26733772680280055,60
20,2021-03-16,0.29577182217876974,60
20,2021-03-17,0.27632366491385163,60
20,2021-03-18,0.2737558364878847,60
20,2021-03-19,0.2606225006723406,60
20,2021-03-22,0.28451744052130756,60
20,2021-03-23,0.24501383647594466,60
20,2021-03-24,0.22483837884653113,60
20,2021-03-25,0.24775866359146548,60
20,2021-03-26,0.21889375211936546,60
20,2021-03-29,0.23196992493005553,60
20,2021-03-30,0.23854362743998792,60
20,2021-09-09,0.19979559874831132,60
20,2021-09-15,0.21244446482364054,60
20,2021-09-16,0.2185039500840844,60
20,2021-10-29,0.2527652492029624,60
20,2022-01-27,0.2551476680019462,60
20,2022-03-17,0.3579833472571927,60
20,2022-03-18,0.2935890003448911,60
20,2022-05-31,0.23530642272484492,60
20,2022-06-02,0.21655998215408445,60
20,2022-06-10,0.19918078761519808,60
20,2022-06-13,0.4181044724856555,60
20,2022-06-14,0.36154264580453166,60
20,2022-06-28,0.28489909289242377,60
20,2022-06-30,0.2822110345912101,60
20,2022-07-01,0.3112990685130512,60
20,2022-07-05,0.2848680035576514,60
20,2022-07-06,0.2652603737026702,60
20,2022-07-07,0.30031612645290906,60
20,2022-07-08,0.2644219660537672,60
20,2022-07-11,0.3578520152348972,60
20,2022-07-12,0.34656020716968783,60
20,2022-07-13,0.34948314711876094,60
20,2022-07-14,0.3815882821428538,60
20,2022-07-15,0.24640320635101887,60
20,2022-07-18,0.2995878292815597,60
20,2022-07-19,0.343049476710668,60
20,2022-07-20,0.36101221296014785,60
20,2022-07-21,0.3586269620028766,60
20,2022-07-22,0.2633955833648578,60
20,2022-07-26,0.28359927077404024,60
20,2022-07-28,0.19982723676425707,60
20,2022-07-29,0.2840823491953053,60
20,2022-08-01,0.27981285030364944,60
20,2022-08-02,0.3552472887914391,60
20,2022-08-03,0.3188711495271832,60
20,2022-08-04,0.32602520690169356,60
20,2022-08-05,0.2775171286245204,60
20,2022-08-08,0.296283108753439,60
20,2022-08-09,0.2575069382883406,60
20,2022-08-11,0.22508621655492433,60
20,2022-08-12,0.2124075077843237,60
20,2022-10-14,0.20359873378346904,60
20,2022-10-17,0.2093066720778971,60
20,2022-10-20,0.27206353527146376,60
20,2022-10-21,0.2777356684783676,60
20,2022-10-24,0.40402210809964245,60
20,2022-10-25,0.273062920683671,60
20,2022-10-26,0.2894806103766996,60
20,2022-10-27,0.2601524234944961,60
20,2022-10-28,0.2673054879350758,60
20,2022-10-31,0.3186397743954288,60
20,2022-11-01,0.3189091640342774,60
20,2022-11-02,0.4356456586022155,60
20,2022-11-03,0.292462229503041,60
20,2022-11-04,0.2578159189238214,60
20,2022-11-07,0.2761137085240577,60
20,2022-11-08,0.2695147945405161,60
20,2022-11-09,0.2564998026651004,60
20,2022-11-10,0.24880267769570708,60
20,2022-11-14,0.20238752461232323,60
20,2022-11-15,0.2258518384699464,60
20,2022-11-18,0.19476401756168826,60
20,2022-11-25,0.27700963308248916,60
20,2022-12-28,0.22801517585687492,60
20,2022-12-29,0.26867488460021427,60
20,2022-12-30,0.2297710480159889,60
20,2023-01-03,0.3102210549215112,60
20,2023-01-04,0.3076703552684634,60
20,2023-01-05,0.3022754968282264,60
20,2023-01-06,0.3175076051506647,60
20,2023-01-09,0.322133315531806,60
20,2023-01-10,0.304882475729908,60
20,2023-01-11,0.25156998304768585,60
20,2023-01-12,0.2011573355477072,60
20,2023-01-13,0.21361020315239543,60
20,2023-02-01,0.2426935873634335,60
20,2023-03-27,0.1956001995404204,60
20,2023-03-29,0.2115065040511066,60
20,2023-03-30,0.2185603606503399,60
20,2023-03-31,0.315566766291445,60
20,2023-04-03,0.2509448070048279,60
20,2023-04-04,0.2950522496173065,60
20,2023-04-05,0.2957151891772938,60
20,2023-04-06,0.28233944953955614,60
20,2023-04-07,0.26411723745660254,60
20,2023-04-10,0.20588061580510342,60
20,2023-04-11,0.20740140563005838,60
20,2023-06-27,0.20114987684516095,60
20,2023-09-29,0.21300418742701765,60
20,2023-10-03,0.20015936639568466,60
20,2023-10-04,0.2413326798655575,60
20,2023-10-06,0.2023627114826283,60
20,2023-10-18,0.37293957963335345,60
20,2023-10-19,0.3746706613221331,60
20,2023-10-20,0.3288098200172218,60
20,2023-10-23,0.3589366643364702,60
20,2023-10-24,0.33027672274036846,60
20,2023-10-25,0.3588639051015363,60
20,2023-10-26,0.29699089558550895,60
20,2023-10-27,0.282962292940633,60
20,2023-10-31,0.22160939252602319,60
20,2023-11-01,0.21643888153784552,60
20,2023-11-02,0.2369671233759547,60
20,2023-11-06,0.240137395968695,60
20,2023-11-07,0.23422412080557464,60
20,2023-11-08,0.21271174096985312,60
20,2023-11-16,0.24668462818870118,60
20,2023-12-01,0.1968418311612723,60
20,2023-12-12,0.20956998423586093,60
20,2024-11-20,0.22332769349501547,60
20,2024-11-21,0.22717213722918927,60
20,2024-11-22,0.21923033516675972,60
20,2024-11-25,0.22741907312529008,60
20,2024-11-26,0.20026500193130392,60
20,2024-11-27,0.21566183305236475,60
20,2024-12-09,0.20489147019360932,60
20,2024-12-10,0.19660833905577046,60
20,2024-12-16,0.19635907628016547,60
20,2024-12-17,0.22194594403557222,60
20,2024-12-18,0.19776329248755165,60
20,2024-12-19,0.2302777480785263,60
20,2024-12-20,0.21977110669350353,60
20,2024-12-26,0.21478906910428952,60
20,2024-12-27,0.19960542116740765,60
20,2024-12-30,0.21431740221455886,60
